,imdb_title_id,title,year,genre,avg_vote,worldwide_gross_income,Title,Release Year,Locations
702,tt1270797,Venom,2018,"Action, Adventure, Sci-Fi",6.7,856085151,Venom,2018,California St btwn Drumm and Sansome
698,tt1270797,Venom,2018,"Action, Adventure, Sci-Fi",6.7,856085151,Venom,2018,Romolo St and Fresno Pl
686,tt1270797,Venom,2018,"Action, Adventure, Sci-Fi",6.7,856085151,Venom,2018,Grant Ave at Green St
708,tt1270797,Venom,2018,"Action, Adventure, Sci-Fi",6.7,856085151,Venom,2018,Kearny Steps/btwn Green and Pacific
707,tt1270797,Venom,2018,"Action, Adventure, Sci-Fi",6.7,856085151,Venom,2018,Grant Ave btwn California and Clay
706,tt1270797,Venom,2018,"Action, Adventure, Sci-Fi",6.7,856085151,Venom,2018,Edinburgh Castle (950 Geary Street)
705,tt1270797,Venom,2018,"Action, Adventure, Sci-Fi",6.7,856085151,Venom,2018,Montgomery St and Vallejo St
704,tt1270797,Venom,2018,"Action, Adventure, Sci-Fi",6.7,856085151,Venom,2018,Hemlock Alley btwn Polk and Larkin
703,tt1270797,Venom,2018,"Action, Adventure, Sci-Fi",6.7,856085151,Venom,2018,Embarcadero btwn Folsom and Bryant
683,tt1270797,Venom,2018,"Action, Adventure, Sci-Fi",6.7,856085151,Venom,2018,Washington Square Park - Filbert St at Stockton St
684,tt1270797,Venom,2018,"Action, Adventure, Sci-Fi",6.7,856085151,Venom,2018,Grant Ave btwn Washington and Jackson
700,tt1270797,Venom,2018,"Action, Adventure, Sci-Fi",6.7,856085151,Venom,2018,"North Beach: Kearny/Vallejo, Kearny/Broadway, Broadway/Columbus"
699,tt1270797,Venom,2018,"Action, Adventure, Sci-Fi",6.7,856085151,Venom,2018,Potrero Hill: Rhode Island btwn 15th and 16th
701,tt1270797,Venom,2018,"Action, Adventure, Sci-Fi",6.7,856085151,Venom,2018,Grant Ave btwn Pine and Jackson
697,tt1270797,Venom,2018,"Action, Adventure, Sci-Fi",6.7,856085151,Venom,2018,Geary St at Leavenworth St
691,tt1270797,Venom,2018,"Action, Adventure, Sci-Fi",6.7,856085151,Venom,2018,Hyde St at Chestnut St
687,tt1270797,Venom,2018,"Action, Adventure, Sci-Fi",6.7,856085151,Venom,2018,Grant Ave btwn Clay and Jackson
696,tt1270797,Venom,2018,"Action, Adventure, Sci-Fi",6.7,856085151,Venom,2018,Embarcadero at Harrison St
689,tt1270797,Venom,2018,"Action, Adventure, Sci-Fi",6.7,856085151,Venom,2018,Larkin St btwn Post and Geary
690,tt1270797,Venom,2018,"Action, Adventure, Sci-Fi",6.7,856085151,Venom,2018,California St at Montgomery St
688,tt1270797,Venom,2018,"Action, Adventure, Sci-Fi",6.7,856085151,Venom,2018,Stockton Tunnel btwn Sutter and Sacramento
692,tt1270797,Venom,2018,"Action, Adventure, Sci-Fi",6.7,856085151,Venom,2018,"Huntington Park, Pine/Kearny, Bush/Hyde"
693,tt1270797,Venom,2018,"Action, Adventure, Sci-Fi",6.7,856085151,Venom,2018,O'Farrell between Leavenworth and Jones
694,tt1270797,Venom,2018,"Action, Adventure, Sci-Fi",6.7,856085151,Venom,2018,"Epic Steakhouse, 369 Embarcadero"
695,tt1270797,Venom,2018,"Action, Adventure, Sci-Fi",6.7,856085151,Venom,2018,Taylor St Hill btwn Pacific and Greenwich
685,tt1270797,Venom,2018,"Action, Adventure, Sci-Fi",6.7,856085151,Venom,2018,Financial District
722,tt2103281,Dawn of the Planet of the Apes,2014,"Action, Adventure, Drama",7.6,710644566,Dawn of the Planet of the Apes,2014,University Club
723,tt2103281,Dawn of the Planet of the Apes,2014,"Action, Adventure, Drama",7.6,710644566,Dawn of the Planet of the Apes,2014,Filbert St. from Hyde to Leavenworth
724,tt2103281,Dawn of the Planet of the Apes,2014,"Action, Adventure, Drama",7.6,710644566,Dawn of the Planet of the Apes,2014,California St from Mason to Kearny
725,tt2103281,Dawn of the Planet of the Apes,2014,"Action, Adventure, Drama",7.6,710644566,Dawn of the Planet of the Apes,2014,City Hall
726,tt2103281,Dawn of the Planet of the Apes,2014,"Action, Adventure, Drama",7.6,710644566,Dawn of the Planet of the Apes,2014,Alioto Park
727,tt2103281,Dawn of the Planet of the Apes,2014,"Action, Adventure, Drama",7.6,710644566,Dawn of the Planet of the Apes,2014,California & Powell
728,tt2103281,Dawn of the Planet of the Apes,2014,"Action, Adventure, Drama",7.6,710644566,Dawn of the Planet of the Apes,2014,Columbus & Pacific Ave
497,tt0109830,Forrest Gump,1994,"Drama, Romance",8.8,678229452,Forrest Gump,1994,Palace of Fine Arts (3301 Lyon Street)
863,tt5095030,Ant-Man and the Wasp,2018,"Action, Adventure, Comedy",7.1,622674139,Ant-Man and the Wasp,2018,Financial District
871,tt5095030,Ant-Man and the Wasp,2018,"Action, Adventure, Comedy",7.1,622674139,Ant-Man and the Wasp,2018,Jefferson St at Taylor St
870,tt5095030,Ant-Man and the Wasp,2018,"Action, Adventure, Comedy",7.1,622674139,Ant-Man and the Wasp,2018,Geary St - Hyde St - Ellis St
872,tt5095030,Ant-Man and the Wasp,2018,"Action, Adventure, Comedy",7.1,622674139,Ant-Man and the Wasp,2018,Laguna St btwn Jackson and Broadway
868,tt5095030,Ant-Man and the Wasp,2018,"Action, Adventure, Comedy",7.1,622674139,Ant-Man and the Wasp,2018,California St btwn Mason and Leavenworth
873,tt5095030,Ant-Man and the Wasp,2018,"Action, Adventure, Comedy",7.1,622674139,Ant-Man and the Wasp,2018,Russian Hill
862,tt5095030,Ant-Man and the Wasp,2018,"Action, Adventure, Comedy",7.1,622674139,Ant-Man and the Wasp,2018,490 Geary St
861,tt5095030,Ant-Man and the Wasp,2018,"Action, Adventure, Comedy",7.1,622674139,Ant-Man and the Wasp,2018,Lombard St btwn Polk and Leavenworth
860,tt5095030,Ant-Man and the Wasp,2018,"Action, Adventure, Comedy",7.1,622674139,Ant-Man and the Wasp,2018,"Westar Marine Services, Pier 50"
859,tt5095030,Ant-Man and the Wasp,2018,"Action, Adventure, Comedy",7.1,622674139,Ant-Man and the Wasp,2018,Vallejo St btwn Montgomery and Davis
858,tt5095030,Ant-Man and the Wasp,2018,"Action, Adventure, Comedy",7.1,622674139,Ant-Man and the Wasp,2018,Powell St btwn North Point and Embarcadero
857,tt5095030,Ant-Man and the Wasp,2018,"Action, Adventure, Comedy",7.1,622674139,Ant-Man and the Wasp,2018,Missouri St at 18th St
856,tt5095030,Ant-Man and the Wasp,2018,"Action, Adventure, Comedy",7.1,622674139,Ant-Man and the Wasp,2018,Telegraph Hill/North Beach
855,tt5095030,Ant-Man and the Wasp,2018,"Action, Adventure, Comedy",7.1,622674139,Ant-Man and the Wasp,2018,Little Embarcadero btwn Powell and Mason
864,tt5095030,Ant-Man and the Wasp,2018,"Action, Adventure, Comedy",7.1,622674139,Ant-Man and the Wasp,2018,Pier 27
867,tt5095030,Ant-Man and the Wasp,2018,"Action, Adventure, Comedy",7.1,622674139,Ant-Man and the Wasp,2018,544 Jones
866,tt5095030,Ant-Man and the Wasp,2018,"Action, Adventure, Comedy",7.1,622674139,Ant-Man and the Wasp,2018,Java St
865,tt5095030,Ant-Man and the Wasp,2018,"Action, Adventure, Comedy",7.1,622674139,Ant-Man and the Wasp,2018,Montgomery btwn Green and Pacific
869,tt5095030,Ant-Man and the Wasp,2018,"Action, Adventure, Comedy",7.1,622674139,Ant-Man and the Wasp,2018,Bush St at Mason St
874,tt5095030,Ant-Man and the Wasp,2018,"Action, Adventure, Comedy",7.1,622674139,Ant-Man and the Wasp,2018,Jones St btwn Green and Pacific
875,tt5095030,Ant-Man and the Wasp,2018,"Action, Adventure, Comedy",7.1,622674139,Ant-Man and the Wasp,2018,Leavenworth St at Lombard St
876,tt5095030,Ant-Man and the Wasp,2018,"Action, Adventure, Comedy",7.1,622674139,Ant-Man and the Wasp,2018,Jones St btwn Sacramento and Pine
877,tt5095030,Ant-Man and the Wasp,2018,"Action, Adventure, Comedy",7.1,622674139,Ant-Man and the Wasp,2018,Saint Louis Alley at Jackson
878,tt5095030,Ant-Man and the Wasp,2018,"Action, Adventure, Comedy",7.1,622674139,Ant-Man and the Wasp,2018,Montgomery btwn Broadway and Pacific
634,tt0831387,Godzilla,2014,"Action, Adventure, Sci-Fi",6.4,524976069,Godzilla,2014,Broadway & Sansome
633,tt0831387,Godzilla,2014,"Action, Adventure, Sci-Fi",6.4,524976069,Godzilla,2014,Sacramento & Front St.
642,tt0831387,Godzilla,2014,"Action, Adventure, Sci-Fi",6.4,524976069,Godzilla,2014,Mission & Beal
641,tt0831387,Godzilla,2014,"Action, Adventure, Sci-Fi",6.4,524976069,Godzilla,2014,Embarcadero & Washington
640,tt0831387,Godzilla,2014,"Action, Adventure, Sci-Fi",6.4,524976069,Godzilla,2014,Pier 1
639,tt0831387,Godzilla,2014,"Action, Adventure, Sci-Fi",6.4,524976069,Godzilla,2014,Pier 7 (The Embarcadero)
638,tt0831387,Godzilla,2014,"Action, Adventure, Sci-Fi",6.4,524976069,Godzilla,2014,Eddy & Taylor St.
637,tt0831387,Godzilla,2014,"Action, Adventure, Sci-Fi",6.4,524976069,Godzilla,2014,Mission & Fremont St
636,tt0831387,Godzilla,2014,"Action, Adventure, Sci-Fi",6.4,524976069,Godzilla,2014,Bush & Kearny
628,tt0831387,Godzilla,2014,"Action, Adventure, Sci-Fi",6.4,524976069,Godzilla,2014,Post & Jones St.
629,tt0831387,Godzilla,2014,"Action, Adventure, Sci-Fi",6.4,524976069,Godzilla,2014,Broadway & Columbus
630,tt0831387,Godzilla,2014,"Action, Adventure, Sci-Fi",6.4,524976069,Godzilla,2014,Kearney & Pine St.
631,tt0831387,Godzilla,2014,"Action, Adventure, Sci-Fi",6.4,524976069,Godzilla,2014,California & Davis St
635,tt0831387,Godzilla,2014,"Action, Adventure, Sci-Fi",6.4,524976069,Godzilla,2014,Stockton & Clay St
632,tt0831387,Godzilla,2014,"Action, Adventure, Sci-Fi",6.4,524976069,Godzilla,2014,Pine St. & Davis St
643,tt0831387,Godzilla,2014,"Action, Adventure, Sci-Fi",6.4,524976069,Godzilla,2014,Potrero &San Bruno
617,tt0478970,Ant-Man,2015,"Action, Adventure, Comedy",7.3,519311965,Ant-Man,2015,Lombard at Hyde
618,tt0478970,Ant-Man,2015,"Action, Adventure, Comedy",7.3,519311965,Ant-Man,2015,601 Buena Vista Ave West at Java St.
625,tt0478970,Ant-Man,2015,"Action, Adventure, Comedy",7.3,519311965,Ant-Man,2015,Intersection of Broadway at Kearney
624,tt0478970,Ant-Man,2015,"Action, Adventure, Comedy",7.3,519311965,Ant-Man,2015,Grant between Bush and Broadway
623,tt0478970,Ant-Man,2015,"Action, Adventure, Comedy",7.3,519311965,Ant-Man,2015,Market between Stuart and Van Ness
622,tt0478970,Ant-Man,2015,"Action, Adventure, Comedy",7.3,519311965,Ant-Man,2015,Pine between Kearney and Davis
621,tt0478970,Ant-Man,2015,"Action, Adventure, Comedy",7.3,519311965,Ant-Man,2015,Columbus between Bay and Washington
620,tt0478970,Ant-Man,2015,"Action, Adventure, Comedy",7.3,519311965,Ant-Man,2015,Broadway between Powell and Davis
619,tt0478970,Ant-Man,2015,"Action, Adventure, Comedy",7.3,519311965,Ant-Man,2015,420 Jones St. at Ellis St.
626,tt0478970,Ant-Man,2015,"Action, Adventure, Comedy",7.3,519311965,Ant-Man,2015,Intersection of California at Polk
627,tt0478970,Ant-Man,2015,"Action, Adventure, Comedy",7.3,519311965,Ant-Man,2015,"Treasure Island, Building #1, Ave of the Palms"
616,tt0478970,Ant-Man,2015,"Action, Adventure, Comedy",7.3,519311965,Ant-Man,2015,Conzelman Rd at McCollough Rd and down Conzelman Rd.
615,tt0478970,Ant-Man,2015,"Action, Adventure, Comedy",7.3,519311965,Ant-Man,2015,California between Kearney and Davis
432,tt0097576,Indiana Jones and the Last Crusade,1989,"Action, Adventure",8.2,474310887,Indiana Jones and the Last Crusade,1989,Administration Building (Treasure Island)
751,tt2126355,San Andreas,2015,"Action, Adventure, Drama",6.1,473990832,San Andreas,2015,"Asia Star Fantasy, 1126 Grant Ave."
750,tt2126355,San Andreas,2015,"Action, Adventure, Drama",6.1,473990832,San Andreas,2015,"Stage Work, 47 Julian St."
749,tt2126355,San Andreas,2015,"Action, Adventure, Drama",6.1,473990832,San Andreas,2015,Water work in SF Bay
748,tt2126355,San Andreas,2015,"Action, Adventure, Drama",6.1,473990832,San Andreas,2015,Fort Baker
729,tt2126355,San Andreas,2015,"Action, Adventure, Drama",6.1,473990832,San Andreas,2015,Hyde St. at Greenwich and Hyde St. at Lombard
747,tt2126355,San Andreas,2015,"Action, Adventure, Drama",6.1,473990832,San Andreas,2015,"Vallejo St. Garage, 766 Vallejo St."
730,tt2126355,San Andreas,2015,"Action, Adventure, Drama",6.1,473990832,San Andreas,2015,Grant between Bush and Market
746,tt2126355,San Andreas,2015,"Action, Adventure, Drama",6.1,473990832,San Andreas,2015,Pier 43
731,tt2126355,San Andreas,2015,"Action, Adventure, Drama",6.1,473990832,San Andreas,2015,AT&T Stadium
732,tt2126355,San Andreas,2015,"Action, Adventure, Drama",6.1,473990832,San Andreas,2015,2nd St. at Townsend St.
733,tt2126355,San Andreas,2015,"Action, Adventure, Drama",6.1,473990832,San Andreas,2015,Jefferson St. at Powell St.
734,tt2126355,San Andreas,2015,"Action, Adventure, Drama",6.1,473990832,San Andreas,2015,Grant St. at Bush St.
735,tt2126355,San Andreas,2015,"Action, Adventure, Drama",6.1,473990832,San Andreas,2015,Vallejo Garage Roof (Vallejo at Powell)
736,tt2126355,San Andreas,2015,"Action, Adventure, Drama",6.1,473990832,San Andreas,2015,Clay St. at Taylor
737,tt2126355,San Andreas,2015,"Action, Adventure, Drama",6.1,473990832,San Andreas,2015,Bay St. at Polk
738,tt2126355,San Andreas,2015,"Action, Adventure, Drama",6.1,473990832,San Andreas,2015,Intersection of Lombard and Hyde
739,tt2126355,San Andreas,2015,"Action, Adventure, Drama",6.1,473990832,San Andreas,2015,Mission between 3rd and 4th St.
740,tt2126355,San Andreas,2015,"Action, Adventure, Drama",6.1,473990832,San Andreas,2015,555 California
741,tt2126355,San Andreas,2015,"Action, Adventure, Drama",6.1,473990832,San Andreas,2015,Broadway and Kearney
742,tt2126355,San Andreas,2015,"Action, Adventure, Drama",6.1,473990832,San Andreas,2015,Coit Tower
743,tt2126355,San Andreas,2015,"Action, Adventure, Drama",6.1,473990832,San Andreas,2015,TransAmerica Pyramid (600 Montgomery Street)
744,tt2126355,San Andreas,2015,"Action, Adventure, Drama",6.1,473990832,San Andreas,2015,Washington Square
745,tt2126355,San Andreas,2015,"Action, Adventure, Drama",6.1,473990832,San Andreas,2015,Battery Spencer
565,tt0133093,The Matrix,1999,"Action, Sci-Fi",8.7,465718588,The Matrix,1999,skyline/ exterior scenes
437,tt0100405,Pretty Woman,1990,"Comedy, Romance",7.0,463407097,Pretty Woman,1990,
478,tt0107614,Mrs. Doubtfire,1993,"Comedy, Drama, Family",7.0,441286195,Mrs. Doubtfire,1993,1200 Washington Street at Taylor Street
477,tt0107614,Mrs. Doubtfire,1993,"Comedy, Drama, Family",7.0,441286195,Mrs. Doubtfire,1993,520-522A Green Street at Grant Street
479,tt0107614,Mrs. Doubtfire,1993,"Comedy, Drama, Family",7.0,441286195,Mrs. Doubtfire,1993,Danilo's Bakery (Green Street & Bannam Place)
480,tt0107614,Mrs. Doubtfire,1993,"Comedy, Drama, Family",7.0,441286195,Mrs. Doubtfire,1993,100 Embarcadero Street
481,tt0107614,Mrs. Doubtfire,1993,"Comedy, Drama, Family",7.0,441286195,Mrs. Doubtfire,1993,Hancock School (940 Filbert Street)
476,tt0107614,Mrs. Doubtfire,1993,"Comedy, Drama, Family",7.0,441286195,Mrs. Doubtfire,1993,516 Green Street
475,tt0107614,Mrs. Doubtfire,1993,"Comedy, Drama, Family",7.0,441286195,Mrs. Doubtfire,1993,Chrissy Field
450,tt0103772,Basic Instinct,1992,"Drama, Mystery, Thriller",7.0,352927224,Basic Instinct,1992,Pier 7 (The Embarcadero)
451,tt0103772,Basic Instinct,1992,"Drama, Mystery, Thriller",7.0,352927224,Basic Instinct,1992,Kearney Street (Telegraph Hill)
457,tt0103772,Basic Instinct,1992,"Drama, Mystery, Thriller",7.0,352927224,Basic Instinct,1992,2104 Broadway
452,tt0103772,Basic Instinct,1992,"Drama, Mystery, Thriller",7.0,352927224,Basic Instinct,1992,Hall of Justice (850 Bryant Street)
456,tt0103772,Basic Instinct,1992,"Drama, Mystery, Thriller",7.0,352927224,Basic Instinct,1992,1158-70 Montgomery Street
455,tt0103772,Basic Instinct,1992,"Drama, Mystery, Thriller",7.0,352927224,Basic Instinct,1992,Gibb Street (Chinatown)
454,tt0103772,Basic Instinct,1992,"Drama, Mystery, Thriller",7.0,352927224,Basic Instinct,1992,Chinatown
453,tt0103772,Basic Instinct,1992,"Drama, Mystery, Thriller",7.0,352927224,Basic Instinct,1992,2930 Vallejo Street
449,tt0103772,Basic Instinct,1992,"Drama, Mystery, Thriller",7.0,352927224,Basic Instinct,1992,Raw Hide II (280 Seventh Street)
448,tt0103772,Basic Instinct,1992,"Drama, Mystery, Thriller",7.0,352927224,Basic Instinct,1992,Tosca Café (242 Columbus Avenue)
447,tt0103772,Basic Instinct,1992,"Drama, Mystery, Thriller",7.0,352927224,Basic Instinct,1992,Transbay Terminal (Mission Street at 1st Street)
446,tt0103772,Basic Instinct,1992,"Drama, Mystery, Thriller",7.0,352927224,Basic Instinct,1992,Yerba Buena Center for the Arts
526,tt0117500,The Rock,1996,"Action, Adventure, Thriller",7.4,335062621,The Rock,1996,"Fairmont Hotel (950 Mason Street, Nob Hill)"
525,tt0117500,The Rock,1996,"Action, Adventure, Thriller",7.4,335062621,The Rock,1996,New Russian Hill Market (1198 Pacific Avenue at Jones)
527,tt0117500,The Rock,1996,"Action, Adventure, Thriller",7.4,335062621,The Rock,1996,City Hall
523,tt0117500,The Rock,1996,"Action, Adventure, Thriller",7.4,335062621,The Rock,1996,Alcatraz Island
522,tt0117500,The Rock,1996,"Action, Adventure, Thriller",7.4,335062621,The Rock,1996,Palace of Fine Arts (3301 Lyon Street)
521,tt0117500,The Rock,1996,"Action, Adventure, Thriller",7.4,335062621,The Rock,1996,Coit Tower
524,tt0117500,The Rock,1996,"Action, Adventure, Thriller",7.4,335062621,The Rock,1996,The San Francisco Bay
612,tt0454921,The Pursuit of Happyness,2006,"Biography, Drama",8.0,307127625,The Pursuit of Happyness,2006,Glide Memorial Church (434 Ellis St)
614,tt0454921,The Pursuit of Happyness,2006,"Biography, Drama",8.0,307127625,The Pursuit of Happyness,2006,Glen Park Subway Station
613,tt0454921,The Pursuit of Happyness,2006,"Biography, Drama",8.0,307127625,The Pursuit of Happyness,2006,Candlestick Park (602 Jamestown Ave.)
31,tt0078346,Superman,1978,"Action, Adventure, Drama",7.3,300451667,Superman,1978,Golden Gate Bridge
461,tt0105417,Sister Act,1992,"Comedy, Crime, Family",6.4,231605150,Sister Act,1992,"St. Paul's Church (Church Street, Noe Valley)"
553,tt0129290,Patch Adams,1998,"Biography, Comedy, Drama",6.8,202292902,Patch Adams,1998,Treasure Island
554,tt0129290,Patch Adams,1998,"Biography, Comedy, Drama",6.8,202292902,Patch Adams,1998,Sheraton Palace Hotel (639 Market Street)
555,tt0129290,Patch Adams,1998,"Biography, Comedy, Drama",6.8,202292902,Patch Adams,1998,Presidio (Golden Gate National Recreation Area)
549,tt0120632,City of Angels,1998,"Drama, Fantasy, Romance",6.7,198685114,City of Angels,1998,San Francisco Public Library Main Branch (100 Larkin Street)
607,tt0343660,50 First Dates,2004,"Comedy, Drama, Romance",6.8,198520934,50 First Dates,2004,Rainforest Café (145 Jefferson Street)
584,tt0247638,The Princess Diaries,2001,"Comedy, Family, Romance",6.3,165335153,The Princess Diaries,2001,Broadway Tunnel (Broadway between Powell and Larkin)
583,tt0247638,The Princess Diaries,2001,"Comedy, Family, Romance",6.3,165335153,The Princess Diaries,2001,Cliff House (1090 Point Lobos Avenue)
586,tt0247638,The Princess Diaries,2001,"Comedy, Family, Romance",6.3,165335153,The Princess Diaries,2001,2601 Lyon Street
580,tt0247638,The Princess Diaries,2001,"Comedy, Family, Romance",6.3,165335153,The Princess Diaries,2001,724 Brazil Avenue
581,tt0247638,The Princess Diaries,2001,"Comedy, Family, Romance",6.3,165335153,The Princess Diaries,2001,Fisherman's Wharf
585,tt0247638,The Princess Diaries,2001,"Comedy, Family, Romance",6.3,165335153,The Princess Diaries,2001,Baker Beach
582,tt0247638,The Princess Diaries,2001,"Comedy, Family, Romance",6.3,165335153,The Princess Diaries,2001,Firestation #3 (Brazil Avenue and Athens Street)
520,tt0117333,Phenomenon,1996,"Drama, Fantasy, Romance",6.4,152036382,Phenomenon,1996,Treasure Island
600,tt0304415,Mona Lisa Smile,2003,Drama,6.5,141337989,Mona Lisa Smile,2003,
597,tt0276751,About a Boy,2002,"Comedy, Drama, Romance",7.0,130549455,About a Boy,2014,Powell from Bush and Sutter
596,tt0276751,About a Boy,2002,"Comedy, Drama, Romance",7.0,130549455,About a Boy,2014,Crissy Field
595,tt0276751,About a Boy,2002,"Comedy, Drama, Romance",7.0,130549455,About a Boy,2014,Broderick from Fulton to McAlister
278,tt0072308,The Towering Inferno,1974,"Action, Drama, Thriller",7.0,116000000,The Towering Inferno,1974,"Fairmont Hotel (950 Mason Street, Nob Hill)"
276,tt0072308,The Towering Inferno,1974,"Action, Drama, Thriller",7.0,116000000,The Towering Inferno,1974,2898 Vallejo Street
277,tt0072308,The Towering Inferno,1974,"Action, Drama, Thriller",7.0,116000000,The Towering Inferno,1974,"Bank of America Building (555 California Street, Financial District)"
281,tt0072308,The Towering Inferno,1974,"Action, Drama, Thriller",7.0,116000000,The Towering Inferno,1974,"Hyatt Regency Hotel (5 Embarcadero Center, Financial District)"
279,tt0072308,The Towering Inferno,1974,"Action, Drama, Thriller",7.0,116000000,The Towering Inferno,1974,"San Francisco Fire Station 38 (2150 California Street, Pacific Heights)"
280,tt0072308,The Towering Inferno,1974,"Action, Drama, Thriller",7.0,116000000,The Towering Inferno,1974,Grace Cathedral Episcopal Church (1100 California Street)
282,tt0072308,The Towering Inferno,1974,"Action, Drama, Thriller",7.0,116000000,The Towering Inferno,1974,Firestation #38 (California & Laguna)
235,tt0069704,American Graffiti,1973,"Comedy, Drama",7.4,115000000,American Graffiti,1973,"Mel's Drive-In (Corner of Van Ness & Mission Street, Mission District)"
236,tt0069704,American Graffiti,1973,"Comedy, Drama",7.4,115000000,American Graffiti,1973,3355 Geary Blvd.
391,tt0092007,Star Trek IV: The Voyage Home,1986,"Adventure, Comedy, Sci-Fi",7.3,109713132,Star Trek IV: The Voyage Home,1986,Intersection of Grant & Fresno Streets (North Beach)
389,tt0092007,Star Trek IV: The Voyage Home,1986,"Adventure, Comedy, Sci-Fi",7.3,109713132,Star Trek IV: The Voyage Home,1986,"Bessie Charmichael Elementary School (375 Seventh Street, SOMA)"
388,tt0092007,Star Trek IV: The Voyage Home,1986,"Adventure, Comedy, Sci-Fi",7.3,109713132,Star Trek IV: The Voyage Home,1986,North Beach
387,tt0092007,Star Trek IV: The Voyage Home,1986,"Adventure, Comedy, Sci-Fi",7.3,109713132,Star Trek IV: The Voyage Home,1986,Kearny & Pacific Streets
386,tt0092007,Star Trek IV: The Voyage Home,1986,"Adventure, Comedy, Sci-Fi",7.3,109713132,Star Trek IV: The Voyage Home,1986,500 Block of Pacific Avenue (Chinatown)
385,tt0092007,Star Trek IV: The Voyage Home,1986,"Adventure, Comedy, Sci-Fi",7.3,109713132,Star Trek IV: The Voyage Home,1986,"West Harbor, Marina District"
384,tt0092007,Star Trek IV: The Voyage Home,1986,"Adventure, Comedy, Sci-Fi",7.3,109713132,Star Trek IV: The Voyage Home,1986,"Marina Green, Marina District"
392,tt0092007,Star Trek IV: The Voyage Home,1986,"Adventure, Comedy, Sci-Fi",7.3,109713132,Star Trek IV: The Voyage Home,1986,Intersection of Columbus & Kearney Streets
393,tt0092007,Star Trek IV: The Voyage Home,1986,"Adventure, Comedy, Sci-Fi",7.3,109713132,Star Trek IV: The Voyage Home,1986,Golden Gate Bridge
390,tt0092007,Star Trek IV: The Voyage Home,1986,"Adventure, Comedy, Sci-Fi",7.3,109713132,Star Trek IV: The Voyage Home,1986,Intersection of Columbus & Mason Streets
540,tt0119174,The Game,1997,"Action, Drama, Mystery",7.8,109423648,The Game,1997,Sheraton Palace Hotel (639 Market Street)
536,tt0119174,The Game,1997,"Action, Drama, Mystery",7.8,109423648,The Game,1997,1 Bush Street
537,tt0119174,The Game,1997,"Action, Drama, Mystery",7.8,109423648,The Game,1997,Harrison Street (The Embarcadero)
538,tt0119174,The Game,1997,"Action, Drama, Mystery",7.8,109423648,The Game,1997,Ritz-Carlton Hotel (600 Stockton Street)
539,tt0119174,The Game,1997,"Action, Drama, Mystery",7.8,109423648,The Game,1997,Merchant Exchange Building (465 California Street)
545,tt0119174,The Game,1997,"Action, Drama, Mystery",7.8,109423648,The Game,1997,Bank of America Building (555 California Street)
541,tt0119174,The Game,1997,"Action, Drama, Mystery",7.8,109423648,The Game,1997,301 Howard Street
542,tt0119174,The Game,1997,"Action, Drama, Mystery",7.8,109423648,The Game,1997,City Club (155 Sansome Street)
543,tt0119174,The Game,1997,"Action, Drama, Mystery",7.8,109423648,The Game,1997,Washington Street & Waverly Place (Chinatown)
544,tt0119174,The Game,1997,"Action, Drama, Mystery",7.8,109423648,The Game,1997,Presidio (Golden Gate National Recreation Area)
546,tt0119174,The Game,1997,"Action, Drama, Mystery",7.8,109423648,The Game,1997,"Stockton Tunnel Southern Approach Overhang (Bush & Stockton Streets, Chinatown)"
547,tt0119174,The Game,1997,"Action, Drama, Mystery",7.8,109423648,The Game,1997,Merchant Exchange Building
534,tt0119174,The Game,1997,"Action, Drama, Mystery",7.8,109423648,The Game,1997,Mason & California Streets (Nob Hill)
535,tt0119174,The Game,1997,"Action, Drama, Mystery",7.8,109423648,The Game,1997,Bay Bridge
666,tt1212419,Hereafter,2010,"Drama, Fantasy, Romance",6.4,106956330,Hereafter,2010,Hobart Building (582 Market Street)
667,tt1212419,Hereafter,2010,"Drama, Fantasy, Romance",6.4,106956330,Hereafter,2010,The Final Final (2990 Baker Street)
668,tt1212419,Hereafter,2010,"Drama, Fantasy, Romance",6.4,106956330,Hereafter,2010,1160 Taylor Street
462,tt0105435,Sneakers,1992,"Comedy, Crime, Drama",7.1,105232691,Sneakers,1992,Hills Brothers Plaza (The Embarcadero at Harrison)
463,tt0105435,Sneakers,1992,"Comedy, Crime, Drama",7.1,105232691,Sneakers,1992,The Embarcadero
159,tt0061722,The Graduate,1967,"Comedy, Drama, Romance",8.0,105015008,The Graduate,1967,San Francisco Zoo (2701 Sloat Blvd.)
160,tt0061722,The Graduate,1967,"Comedy, Drama, Romance",8.0,105015008,The Graduate,1967,Bay Bridge
333,tt0080319,Nine to Five,1980,Comedy,6.8,103300143,Nine to Five,1980,Albert S. Samuels Clock (856 Market Street between Powell and Stockton)
610,tt0425123,Just Like Heaven,2005,"Comedy, Drama, Fantasy",6.7,102854431,Just Like Heaven,2005,
783,tt2334873,Blue Jasmine,2013,Drama,7.3,99104804,Blue Jasmine,2013,2178 Palou Ave.
771,tt2334873,Blue Jasmine,2013,Drama,7.3,99104804,Blue Jasmine,2013,3563 20th St.
772,tt2334873,Blue Jasmine,2013,Drama,7.3,99104804,Blue Jasmine,2013,Taylor & Green St.
774,tt2334873,Blue Jasmine,2013,Drama,7.3,99104804,Blue Jasmine,2013,2934 24th St.
773,tt2334873,Blue Jasmine,2013,Drama,7.3,99104804,Blue Jasmine,2013,Grant & Washington St.
769,tt2334873,Blue Jasmine,2013,Drama,7.3,99104804,Blue Jasmine,2013,The Ramp Restaurant
775,tt2334873,Blue Jasmine,2013,Drama,7.3,99104804,Blue Jasmine,2013,1138 Alabama St
776,tt2334873,Blue Jasmine,2013,Drama,7.3,99104804,Blue Jasmine,2013,South Park
777,tt2334873,Blue Jasmine,2013,Drama,7.3,99104804,Blue Jasmine,2013,2915 16th St.
778,tt2334873,Blue Jasmine,2013,Drama,7.3,99104804,Blue Jasmine,2013,Trolley Car from Market and 11th
779,tt2334873,Blue Jasmine,2013,Drama,7.3,99104804,Blue Jasmine,2013,Real Guitars
780,tt2334873,Blue Jasmine,2013,Drama,7.3,99104804,Blue Jasmine,2013,Aub Zam Zam Bar
770,tt2334873,Blue Jasmine,2013,Drama,7.3,99104804,Blue Jasmine,2013,303-305 S. Van Ness
764,tt2334873,Blue Jasmine,2013,Drama,7.3,99104804,Blue Jasmine,2013,Heald College
768,tt2334873,Blue Jasmine,2013,Drama,7.3,99104804,Blue Jasmine,2013,2179 48th Ave
767,tt2334873,Blue Jasmine,2013,Drama,7.3,99104804,Blue Jasmine,2013,200 Post St.
766,tt2334873,Blue Jasmine,2013,Drama,7.3,99104804,Blue Jasmine,2013,330 Santa Clara Ave.
765,tt2334873,Blue Jasmine,2013,Drama,7.3,99104804,Blue Jasmine,2013,Marina Blvd from Laguna to Baker
763,tt2334873,Blue Jasmine,2013,Drama,7.3,99104804,Blue Jasmine,2013,Ocean Beach at Lincoln
762,tt2334873,Blue Jasmine,2013,Drama,7.3,99104804,Blue Jasmine,2013,Marina Green
761,tt2334873,Blue Jasmine,2013,Drama,7.3,99104804,Blue Jasmine,2013,Motel Capri
760,tt2334873,Blue Jasmine,2013,Drama,7.3,99104804,Blue Jasmine,2013,2898 Broadway
759,tt2334873,Blue Jasmine,2013,Drama,7.3,99104804,Blue Jasmine,2013,Lombard & Hyde
758,tt2334873,Blue Jasmine,2013,Drama,7.3,99104804,Blue Jasmine,2013,Pacific & Divisadero
757,tt2334873,Blue Jasmine,2013,Drama,7.3,99104804,Blue Jasmine,2013,Jones & Pacific
756,tt2334873,Blue Jasmine,2013,Drama,7.3,99104804,Blue Jasmine,2013,5546 Geary Ave
781,tt2334873,Blue Jasmine,2013,Drama,7.3,99104804,Blue Jasmine,2013,790 Ulloa
782,tt2334873,Blue Jasmine,2013,Drama,7.3,99104804,Blue Jasmine,2013,SFO International Airport Terminal 3
445,tt0102975,Star Trek VI: The Undiscovered Country,1991,"Action, Adventure, Sci-Fi",7.2,96888996,Star Trek VI: The Undiscovered Country,1991,Golden Gate Bridge
752,tt2234155,The Internship,2013,Comedy,6.3,93492844,The Internship,2013,Montgomery and Union St.
753,tt2234155,The Internship,2013,Comedy,6.3,93492844,The Internship,2013,Grant Ave from Sacramento to Clay
755,tt2234155,The Internship,2013,Comedy,6.3,93492844,The Internship,2013,Players Arcade at Pier 39
754,tt2234155,The Internship,2013,Comedy,6.3,93492844,The Internship,2013,Epic Roasthouse
131,tt0120783,The Parent Trap,1998,"Adventure, Comedy, Drama",6.5,92108518,The Parent Trap,1998,Administration Building (Treasure Island)
571,tt0165929,Romeo Must Die,2000,"Action, Crime, Thriller",6.1,91036760,Romeo Must Die,2000,Chinatown
572,tt0165929,Romeo Must Die,2000,"Action, Crime, Thriller",6.1,91036760,Romeo Must Die,2000,Embarcadero Street
570,tt0145531,Stigmata,1999,Horror,6.2,89446268,Stigmata,1999,19th and Kansas St.
482,tt0107688,The Nightmare Before Christmas,1993,"Animation, Family, Fantasy",8.0,89140058,The Nightmare Before Christmas,1993,
573,tt0182789,Bicentennial Man,1999,"Comedy, Drama, Sci-Fi",6.9,87423861,Bicentennial Man,1999,City Hall
574,tt0182789,Bicentennial Man,1999,"Comedy, Drama, Sci-Fi",6.9,87423861,Bicentennial Man,1999,Golden Gate Bridge
575,tt0182789,Bicentennial Man,1999,"Comedy, Drama, Sci-Fi",6.9,87423861,Bicentennial Man,1999,Treasure Island
576,tt0182789,Bicentennial Man,1999,"Comedy, Drama, Sci-Fi",6.9,87423861,Bicentennial Man,1999,"Postcard Row, Alamo Square, Hayes Valley"
577,tt0182789,Bicentennial Man,1999,"Comedy, Drama, Sci-Fi",6.9,87423861,Bicentennial Man,1999,Grace Cathedral Episcopal Church (1100 California Street)
611,tt0443706,Zodiac,2007,"Crime, Drama, Mystery",7.7,84785914,Zodiac,2007,SF Chronicle Building (901 Mission St)
443,tt0101787,Dying Young,1991,"Drama, Romance",6.1,82264675,Dying Young,1991,
579,tt0240890,Serendipity,2001,"Comedy, Romance",6.9,77516304,Serendipity,2001,
364,tt0086383,Sudden Impact,1983,"Action, Crime, Thriller",6.7,67642693,Sudden Impact,1983,Mt. Davidson
363,tt0086383,Sudden Impact,1983,"Action, Crime, Thriller",6.7,67642693,Sudden Impact,1983,"Pier 38-40, The Embarcadero"
362,tt0086383,Sudden Impact,1983,"Action, Crime, Thriller",6.7,67642693,Sudden Impact,1983,"Bowles Franklin Galleries (765 Beach Street, Fisherman's Wharf)"
361,tt0086383,Sudden Impact,1983,"Action, Crime, Thriller",6.7,67642693,Sudden Impact,1983,"Near Point Lobos, El Camino Del Mar"
360,tt0086383,Sudden Impact,1983,"Action, Crime, Thriller",6.7,67642693,Sudden Impact,1983,"Mark Hopkins Intercontinental Hotel (1 Nob Hill Circle, Nob Hill)"
359,tt0086383,Sudden Impact,1983,"Action, Crime, Thriller",6.7,67642693,Sudden Impact,1983,Civic Center Plaza
365,tt0086383,Sudden Impact,1983,"Action, Crime, Thriller",6.7,67642693,Sudden Impact,1983,"McDonald's Restaurant (701 3rd Street, SOMA)"
366,tt0086383,Sudden Impact,1983,"Action, Crime, Thriller",6.7,67642693,Sudden Impact,1983,Ferry Plaza
367,tt0086383,Sudden Impact,1983,"Action, Crime, Thriller",6.7,67642693,Sudden Impact,1983,"Fairmont Hotel (950 Mason Street, Nob Hill)"
358,tt0086383,Sudden Impact,1983,"Action, Crime, Thriller",6.7,67642693,Sudden Impact,1983,The Embarcadero/Ferry Building
212,tt0230838,Sweet November,2001,"Drama, Romance",6.7,65754228,Sweet November,2001,Chrissy Field
206,tt0230838,Sweet November,2001,"Drama, Romance",6.7,65754228,Sweet November,2001,Citicorp Center (1 Sansome Street at Sutter)
207,tt0230838,Sweet November,2001,"Drama, Romance",6.7,65754228,Sweet November,2001,Marquee Lofts (1000 Van Ness Avenue at Alice B. Toklas Place)
208,tt0230838,Sweet November,2001,"Drama, Romance",6.7,65754228,Sweet November,2001,Hotel Majestic (1500 Sutter Street)
214,tt0230838,Sweet November,2001,"Drama, Romance",6.7,65754228,Sweet November,2001,Mission Dolores Park (Mission District)
213,tt0230838,Sweet November,2001,"Drama, Romance",6.7,65754228,Sweet November,2001,Blooms Saloon (18th Street between Missouri and Texas Streets)
210,tt0230838,Sweet November,2001,"Drama, Romance",6.7,65754228,Sweet November,2001,Farley's Café (1315 18th Street Near Missouri)
211,tt0230838,Sweet November,2001,"Drama, Romance",6.7,65754228,Sweet November,2001,Christopher's Books (1400 18th Street)
209,tt0230838,Sweet November,2001,"Drama, Romance",6.7,65754228,Sweet November,2001,"Foote, Cone & Belding (733 Front Street at Pacific)"
588,tt0257756,High Crimes,2002,"Crime, Drama, Mystery",6.4,63781810,High Crimes,2002,Bank of America Building (555 California Street)
589,tt0257756,High Crimes,2002,"Crime, Drama, Mystery",6.4,63781810,High Crimes,2002,391 Pennsylvania Avenue at 19th Street
590,tt0257756,High Crimes,2002,"Crime, Drama, Mystery",6.4,63781810,High Crimes,2002,Union Square
591,tt0257756,High Crimes,2002,"Crime, Drama, Mystery",6.4,63781810,High Crimes,2002,Maiden Lane
592,tt0257756,High Crimes,2002,"Crime, Drama, Mystery",6.4,63781810,High Crimes,2002,Condor Club (Columbus and Broadway)
593,tt0257756,High Crimes,2002,"Crime, Drama, Mystery",6.4,63781810,High Crimes,2002,Chase H & Q  (1 Bush Street at Sansome)
587,tt0257756,High Crimes,2002,"Crime, Drama, Mystery",6.4,63781810,High Crimes,2002,Vesuvio Café (255 Columbus Avenue)
602,tt0328589,Under the Tuscan Sun,2003,"Comedy, Drama, Romance",6.8,58878723,Under the Tuscan Sun,2003,Mecca Restaurant (2029 Market Street)
397,tt0094715,Beaches,1988,"Comedy, Drama, Music",7.0,57041866,Beaches,1988,
161,tt0061735,Guess Who's Coming to Dinner,1967,"Comedy, Drama",7.8,56666667,Guess Who's Coming to Dinner,1967,634 Raycliff Terrace
162,tt0061735,Guess Who's Coming to Dinner,1967,"Comedy, Drama",7.8,56666667,Guess Who's Coming to Dinner,1967,Mel's Drive-In (Corner South Van Ness & Mission St.)
164,tt0061735,Guess Who's Coming to Dinner,1967,"Comedy, Drama",7.8,56666667,Guess Who's Coming to Dinner,1967,Sutter Street between Powell and Mason
163,tt0061735,Guess Who's Coming to Dinner,1967,"Comedy, Drama",7.8,56666667,Guess Who's Coming to Dinner,1967,San Francisco International Airport
550,tt0120889,What Dreams May Come,1998,"Drama, Fantasy, Romance",7.1,55382927,What Dreams May Come,1998,Treasure Island
646,tt1013753,Milk,2008,"Biography, Drama",7.5,54589558,Milk,2008,Treasure Island
651,tt1013753,Milk,2008,"Biography, Drama",7.5,54589558,Milk,2008,Golden Gate Bridge
644,tt1013753,Milk,2008,"Biography, Drama",7.5,54589558,Milk,2008,Duboce Park
647,tt1013753,Milk,2008,"Biography, Drama",7.5,54589558,Milk,2008,Market & Castro Street
648,tt1013753,Milk,2008,"Biography, Drama",7.5,54589558,Milk,2008,Marine Fireman's Union Headquarters
649,tt1013753,Milk,2008,"Biography, Drama",7.5,54589558,Milk,2008,Lower Haight Street
650,tt1013753,Milk,2008,"Biography, Drama",7.5,54589558,Milk,2008,Grace Cathedral Episcopal Church (1100 California Street)
645,tt1013753,Milk,2008,"Biography, Drama",7.5,54589558,Milk,2008,El Camino Del Mar
652,tt1013753,Milk,2008,"Biography, Drama",7.5,54589558,Milk,2008,29th and Dolores Street
654,tt1013753,Milk,2008,"Biography, Drama",7.5,54589558,Milk,2008,Chinatown
655,tt1013753,Milk,2008,"Biography, Drama",7.5,54589558,Milk,2008,424 Sansome Street
653,tt1013753,Milk,2008,"Biography, Drama",7.5,54589558,Milk,2008,City Hall
528,tt0117918,Tin Cup,1996,"Comedy, Drama, Romance",6.4,53854588,Tin Cup,1996,
217,tt0064603,The Love Bug,1968,"Comedy, Family, Sport",6.5,51264000,The Love Bug,1968,Golden Gate Bridge
216,tt0064603,The Love Bug,1968,"Comedy, Family, Sport",6.5,51264000,The Love Bug,1968,100 Block of Lombard Street
382,tt0090264,A View to a Kill,1985,"Action, Adventure, Thriller",6.4,50327960,A View to a Kill,1985,"Burger Island (901 3rd Street, China Basin)"
373,tt0090264,A View to a Kill,1985,"Action, Adventure, Thriller",6.4,50327960,A View to a Kill,1985,"Lefty O' Doul Drawbridge/ 3rd Street Bridge (3rd Street, China Basin)"
374,tt0090264,A View to a Kill,1985,"Action, Adventure, Thriller",6.4,50327960,A View to a Kill,1985,Chinatown
375,tt0090264,A View to a Kill,1985,"Action, Adventure, Thriller",6.4,50327960,A View to a Kill,1985,Taylor and Jefferson Streets (Fisherman's Wharf)
381,tt0090264,A View to a Kill,1985,"Action, Adventure, Thriller",6.4,50327960,A View to a Kill,1985,Golden Gate Bridge
380,tt0090264,A View to a Kill,1985,"Action, Adventure, Thriller",6.4,50327960,A View to a Kill,1985,Potrero Hill
379,tt0090264,A View to a Kill,1985,"Action, Adventure, Thriller",6.4,50327960,A View to a Kill,1985,Van Ness Avenue
376,tt0090264,A View to a Kill,1985,"Action, Adventure, Thriller",6.4,50327960,A View to a Kill,1985,Port of San Francisco
377,tt0090264,A View to a Kill,1985,"Action, Adventure, Thriller",6.4,50327960,A View to a Kill,1985,Embarcadero Freeway
378,tt0090264,A View to a Kill,1985,"Action, Adventure, Thriller",6.4,50327960,A View to a Kill,1985,City Hall
498,tt0111693,When a Man Loves a Woman,1994,"Drama, Romance",6.6,50021959,When a Man Loves a Woman,1994,Buena Vista Café (2765 Hyde Street)
505,tt0111693,When a Man Loves a Woman,1994,"Drama, Romance",6.6,50021959,When a Man Loves a Woman,1994,1521 Masonic Avenue at Piedmont Street
503,tt0111693,When a Man Loves a Woman,1994,"Drama, Romance",6.6,50021959,When a Man Loves a Woman,1994,Grant Street at Pacific Avenue
502,tt0111693,When a Man Loves a Woman,1994,"Drama, Romance",6.6,50021959,When a Man Loves a Woman,1994,"International Studies Academy (993 Vermont Street, Potrero Hill)"
501,tt0111693,When a Man Loves a Woman,1994,"Drama, Romance",6.6,50021959,When a Man Loves a Woman,1994,Spring Valley School (1451 Jackson Street)
500,tt0111693,When a Man Loves a Woman,1994,"Drama, Romance",6.6,50021959,When a Man Loves a Woman,1994,"Victor's Restaurant, The Westin St. Francis Hotel (335 Powell Street)"
499,tt0111693,When a Man Loves a Woman,1994,"Drama, Romance",6.6,50021959,When a Man Loves a Woman,1994,Cybelle's Pizza (1000 Bush Street)
504,tt0111693,When a Man Loves a Woman,1994,"Drama, Romance",6.6,50021959,When a Man Loves a Woman,1994,766 Vallejo Street at Stockton Street (North Beach)
57,tt0074483,The Enforcer,1976,"Action, Crime, Thriller",6.8,46236000,The Enforcer,1976,Alcatraz Island
59,tt0074483,The Enforcer,1976,"Action, Crime, Thriller",6.8,46236000,The Enforcer,1976,Coit Tower
56,tt0074483,The Enforcer,1976,"Action, Crime, Thriller",6.8,46236000,The Enforcer,1976,Hall of Justice
58,tt0074483,The Enforcer,1976,"Action, Crime, Thriller",6.8,46236000,The Enforcer,1976,City Hall
54,tt0074483,The Enforcer,1976,"Action, Crime, Thriller",6.8,46236000,The Enforcer,1976,23rd & Capp Streets (Mission District)
55,tt0074483,The Enforcer,1976,"Action, Crime, Thriller",6.8,46236000,The Enforcer,1976,24th Street Mini Park (Mission District)
53,tt0074483,The Enforcer,1976,"Action, Crime, Thriller",6.8,46236000,The Enforcer,1976,"Lefty O' Doul Drawbridge/ 3rd Street Bridge (3rd Street, China Basin)"
52,tt0074483,The Enforcer,1976,"Action, Crime, Thriller",6.8,46236000,The Enforcer,1976,Sutter & Webster Streets
51,tt0074483,The Enforcer,1976,"Action, Crime, Thriller",6.8,46236000,The Enforcer,1976,Balmy Street (Mission District)
297,tt0077578,Foul Play,1978,"Comedy, Mystery, Thriller",6.8,44999621,Foul Play,1978,"Hayes Valley Care (601 Laguna Street, Hayes Valley)"
308,tt0077578,Foul Play,1978,"Comedy, Mystery, Thriller",6.8,44999621,Foul Play,1978,"Fort Point, Presidio"
307,tt0077578,Foul Play,1978,"Comedy, Mystery, Thriller",6.8,44999621,Foul Play,1978,Flood Building (870 Market Street)
302,tt0077578,Foul Play,1978,"Comedy, Mystery, Thriller",6.8,44999621,Foul Play,1978,Golden Gate & Steiner Streets (Hayes Valley)
298,tt0077578,Foul Play,1978,"Comedy, Mystery, Thriller",6.8,44999621,Foul Play,1978,Octavia & Hayes Streets (Hayes Valley)
299,tt0077578,Foul Play,1978,"Comedy, Mystery, Thriller",6.8,44999621,Foul Play,1978,Sutter & Baker Streets
309,tt0077578,Foul Play,1978,"Comedy, Mystery, Thriller",6.8,44999621,Foul Play,1978,"Fiesta Laundromat (898 S. Van Ness Ave., Mission)"
300,tt0077578,Foul Play,1978,"Comedy, Mystery, Thriller",6.8,44999621,Foul Play,1978,430 Vallejo Street (Telegraph Hill)
301,tt0077578,Foul Play,1978,"Comedy, Mystery, Thriller",6.8,44999621,Foul Play,1978,Sacramento & Hyde Streets (Nob Hill)
305,tt0077578,Foul Play,1978,"Comedy, Mystery, Thriller",6.8,44999621,Foul Play,1978,California & Larkin Streets (Nob Hill)
303,tt0077578,Foul Play,1978,"Comedy, Mystery, Thriller",6.8,44999621,Foul Play,1978,City Hall
296,tt0077578,Foul Play,1978,"Comedy, Mystery, Thriller",6.8,44999621,Foul Play,1978,Montgomery & Pine Streets (Financial District)
295,tt0077578,Foul Play,1978,"Comedy, Mystery, Thriller",6.8,44999621,Foul Play,1978,Sutter & Buchannan Streets
294,tt0077578,Foul Play,1978,"Comedy, Mystery, Thriller",6.8,44999621,Foul Play,1978,Fort Mason (Golden Gate National Recreation Area)
293,tt0077578,Foul Play,1978,"Comedy, Mystery, Thriller",6.8,44999621,Foul Play,1978,24th and Castro Streets (Noe Valley)
292,tt0077578,Foul Play,1978,"Comedy, Mystery, Thriller",6.8,44999621,Foul Play,1978,Andrew S. Hallidie Plaza (Market & Powell Streets)
291,tt0077578,Foul Play,1978,"Comedy, Mystery, Thriller",6.8,44999621,Foul Play,1978,Laguna & Sacramento Streets (Pacific Heights)
290,tt0077578,Foul Play,1978,"Comedy, Mystery, Thriller",6.8,44999621,Foul Play,1978,Potrero Hill Bathhouse & Feed Co. (199 Mississippi Street)
306,tt0077578,Foul Play,1978,"Comedy, Mystery, Thriller",6.8,44999621,Foul Play,1978,"Asian Art Museum (200 Larkin Street, Civic Center)"
310,tt0077578,Foul Play,1978,"Comedy, Mystery, Thriller",6.8,44999621,Foul Play,1978,Sokoji-Soto Zen Buddhist Temple (1691 Laguna Street)
304,tt0077578,Foul Play,1978,"Comedy, Mystery, Thriller",6.8,44999621,Foul Play,1978,War Memorial Opera House (401 Van Ness Avenue)
434,tt0100318,Pacific Heights,1990,Thriller,6.4,44926706,Pacific Heights,1990,Texas & 19th Streets (Potrero Hill)
435,tt0100318,Pacific Heights,1990,Thriller,6.4,44926706,Pacific Heights,1990,Chinatown
436,tt0100318,Pacific Heights,1990,Thriller,6.4,44926706,Pacific Heights,1990,Financial District
516,tt0116483,Happy Gilmore,1996,"Comedy, Sport",7.0,41205099,Happy Gilmore,1996,
371,tt0089360,Jagged Edge,1985,"Drama, Mystery, Thriller",6.5,40491165,Jagged Edge,1985,Golden Gate Bridge
372,tt0089360,Jagged Edge,1985,"Drama, Mystery, Thriller",6.5,40491165,Jagged Edge,1985,City Hall
238,tt0070355,Magnum Force,1973,"Action, Crime, Mystery",7.2,39768000,Magnum Force,1973,18th Street Overpass (Potrero Hill)
247,tt0070355,Magnum Force,1973,"Action, Crime, Mystery",7.2,39768000,Magnum Force,1973,San Francisco Drydock (20th and Illinois Streets)
249,tt0070355,Magnum Force,1973,"Action, Crime, Mystery",7.2,39768000,Magnum Force,1973,"Lefty O' Doul Drawbridge/ 3rd Street Bridge (3rd Street, China Basin)"
252,tt0070355,Magnum Force,1973,"Action, Crime, Mystery",7.2,39768000,Magnum Force,1973,Broadway Tunnel (Russian Hill)
251,tt0070355,Magnum Force,1973,"Action, Crime, Mystery",7.2,39768000,Magnum Force,1973,Cost Plus World Market (2552 Taylor Street)
242,tt0070355,Magnum Force,1973,"Action, Crime, Mystery",7.2,39768000,Magnum Force,1973,Vermont Street between 20th and 22nd Streets
243,tt0070355,Magnum Force,1973,"Action, Crime, Mystery",7.2,39768000,Magnum Force,1973,Embarcadero Freeway
239,tt0070355,Magnum Force,1973,"Action, Crime, Mystery",7.2,39768000,Magnum Force,1973,Golden Gate Bridge
244,tt0070355,Magnum Force,1973,"Action, Crime, Mystery",7.2,39768000,Magnum Force,1973,280 Freeway at Pennsylvania and Mariposa Streets
246,tt0070355,Magnum Force,1973,"Action, Crime, Mystery",7.2,39768000,Magnum Force,1973,San Francisco International Airport
241,tt0070355,Magnum Force,1973,"Action, Crime, Mystery",7.2,39768000,Magnum Force,1973,2190 Washington Street (Pacific Heights)
245,tt0070355,Magnum Force,1973,"Action, Crime, Mystery",7.2,39768000,Magnum Force,1973,City Hall
250,tt0070355,Magnum Force,1973,"Action, Crime, Mystery",7.2,39768000,Magnum Force,1973,"Fairmont Hotel (950 Mason Street, Nob Hill)"
248,tt0070355,Magnum Force,1973,"Action, Crime, Mystery",7.2,39768000,Magnum Force,1973,"Pacific Heights Towers (2200 Sacramento Street, Pacific Heights)"
240,tt0070355,Magnum Force,1973,"Action, Crime, Mystery",7.2,39768000,Magnum Force,1973,Hall of Justice (850 Bryant Street)
441,tt0101746,The Doctor,1991,Drama,7.0,38120905,The Doctor,1991,
411,tt0094963,The Dead Pool,1988,"Action, Crime, Mystery",6.3,37903295,The Dead Pool,1988,22nd & Wisconsin Streets (Potrero Hill)
419,tt0094963,The Dead Pool,1988,"Action, Crime, Mystery",6.3,37903295,The Dead Pool,1988,Fremont Street Exit of Bay Bridge
418,tt0094963,The Dead Pool,1988,"Action, Crime, Mystery",6.3,37903295,The Dead Pool,1988,"San Francisco National Military Cemetery (Lincoln Blvd., The Presidio, Golden Gate National Recreation Center)"
417,tt0094963,The Dead Pool,1988,"Action, Crime, Mystery",6.3,37903295,The Dead Pool,1988,22nd Bet. Carolina & Rhode Island Streets (Potrero Hill)
416,tt0094963,The Dead Pool,1988,"Action, Crime, Mystery",6.3,37903295,The Dead Pool,1988,"KGO-TV ABC7 TV Studios (900 Front Street, Waterfront Historic District)"
415,tt0094963,The Dead Pool,1988,"Action, Crime, Mystery",6.3,37903295,The Dead Pool,1988,"The Cannery (281 Leavenworth Street, Fisherman's Wharf)"
414,tt0094963,The Dead Pool,1988,"Action, Crime, Mystery",6.3,37903295,The Dead Pool,1988,23rd & Iowa Streets (Dogpatch)
413,tt0094963,The Dead Pool,1988,"Action, Crime, Mystery",6.3,37903295,The Dead Pool,1988,550 El Camino Del Mar (Seacliff)
412,tt0094963,The Dead Pool,1988,"Action, Crime, Mystery",6.3,37903295,The Dead Pool,1988,1954 Mason Street (North Beach)
401,tt0094963,The Dead Pool,1988,"Action, Crime, Mystery",6.3,37903295,The Dead Pool,1988,One Thousand Powell Apartments (1000 Powell Street)
398,tt0094963,The Dead Pool,1988,"Action, Crime, Mystery",6.3,37903295,The Dead Pool,1988,San Francisco Drydock (The Dogpatch)
402,tt0094963,The Dead Pool,1988,"Action, Crime, Mystery",6.3,37903295,The Dead Pool,1988,Portsmouth Square (Chinatown)
400,tt0094963,The Dead Pool,1988,"Action, Crime, Mystery",6.3,37903295,The Dead Pool,1988,McAllister & Scott Streets (Hayes Valley)
403,tt0094963,The Dead Pool,1988,"Action, Crime, Mystery",6.3,37903295,The Dead Pool,1988,Washington Square Park (North Beach)
410,tt0094963,The Dead Pool,1988,"Action, Crime, Mystery",6.3,37903295,The Dead Pool,1988,20th & De Haro Streets (Potrero Hill)
409,tt0094963,The Dead Pool,1988,"Action, Crime, Mystery",6.3,37903295,The Dead Pool,1988,New Asia Restaurant (772 Pacific Avenue at Grant)
404,tt0094963,The Dead Pool,1988,"Action, Crime, Mystery",6.3,37903295,The Dead Pool,1988,"Silver Restaurant (737 Washington Street, Chinatown)"
399,tt0094963,The Dead Pool,1988,"Action, Crime, Mystery",6.3,37903295,The Dead Pool,1988,Hall of Justice (850 Bryant Street)
407,tt0094963,The Dead Pool,1988,"Action, Crime, Mystery",6.3,37903295,The Dead Pool,1988,"Mirant Energy, LLC (1301 Illinois Street, The Dogpatch)"
406,tt0094963,The Dead Pool,1988,"Action, Crime, Mystery",6.3,37903295,The Dead Pool,1988,Pierce St. & Golden Gate Avenue (Hayes Valley)
405,tt0094963,The Dead Pool,1988,"Action, Crime, Mystery",6.3,37903295,The Dead Pool,1988,Pierce & California Streets (Pacific Heights)
408,tt0094963,The Dead Pool,1988,"Action, Crime, Mystery",6.3,37903295,The Dead Pool,1988,Folsom & Essex Streets
422,tt0094963,The Dead Pool,1988,"Action, Crime, Mystery",6.3,37903295,The Dead Pool,1988,"Nam Yuen Restaurant (740 Washington Street, Chinatown)"
423,tt0094963,The Dead Pool,1988,"Action, Crime, Mystery",6.3,37903295,The Dead Pool,1988,"Eber Electronics (2355 Market Street, Castro)"
426,tt0094963,The Dead Pool,1988,"Action, Crime, Mystery",6.3,37903295,The Dead Pool,1988,Carl & Cole Streets (Cole Valley)
425,tt0094963,The Dead Pool,1988,"Action, Crime, Mystery",6.3,37903295,The Dead Pool,1988,Pier 3 (The Embarcadero)
424,tt0094963,The Dead Pool,1988,"Action, Crime, Mystery",6.3,37903295,The Dead Pool,1988,"San Francisco General Hospital Medical Center (1001 Potrero Avenue, Potrero Hill)"
421,tt0094963,The Dead Pool,1988,"Action, Crime, Mystery",6.3,37903295,The Dead Pool,1988,710 Steiner Street (Hayes Valley)
420,tt0094963,The Dead Pool,1988,"Action, Crime, Mystery",6.3,37903295,The Dead Pool,1988,Clementina & Sumner Streets
513,tt0116130,Down Periscope,1996,Comedy,6.2,37553752,Down Periscope,1996,
460,tt0105217,Raising Cain,1992,"Crime, Drama, Horror",6.1,37170057,Raising Cain,1992,
548,tt0120184,Sphere,1998,"Action, Mystery, Sci-Fi",6.1,37020277,Sphere,1998,S.S. Jeremiah O'Brien
232,tt0066999,Dirty Harry,1971,"Action, Crime, Thriller",7.7,35976000,Dirty Harry,1971,Portsmouth Square (Chinatown)
231,tt0066999,Dirty Harry,1971,"Action, Crime, Thriller",7.7,35976000,Dirty Harry,1971,"Marina Green, Marina District"
230,tt0066999,Dirty Harry,1971,"Action, Crime, Thriller",7.7,35976000,Dirty Harry,1971,"Mt. Davidson Cross, Mt. Davidson"
229,tt0066999,Dirty Harry,1971,"Action, Crime, Thriller",7.7,35976000,Dirty Harry,1971,The Embarcadero
228,tt0066999,Dirty Harry,1971,"Action, Crime, Thriller",7.7,35976000,Dirty Harry,1971,Mission Dolores Park (Mission District)
221,tt0066999,Dirty Harry,1971,"Action, Crime, Thriller",7.7,35976000,Dirty Harry,1971,Holiday Inn Select Downtown Hotel (750 Kearney Street)
222,tt0066999,Dirty Harry,1971,"Action, Crime, Thriller",7.7,35976000,Dirty Harry,1971,Bank of America Building (555 California Street)
220,tt0066999,Dirty Harry,1971,"Action, Crime, Thriller",7.7,35976000,Dirty Harry,1971,Forest Hill Station- MUNI
227,tt0066999,Dirty Harry,1971,"Action, Crime, Thriller",7.7,35976000,Dirty Harry,1971,"Washington Square, North Beach"
226,tt0066999,Dirty Harry,1971,"Action, Crime, Thriller",7.7,35976000,Dirty Harry,1971,"California Hall (625 Polk Street, Van Ness/Civic Center)"
225,tt0066999,Dirty Harry,1971,"Action, Crime, Thriller",7.7,35976000,Dirty Harry,1971,Hall of Justice (850 Bryant Street)
224,tt0066999,Dirty Harry,1971,"Action, Crime, Thriller",7.7,35976000,Dirty Harry,1971,Dante Building (1606 Stockton Street at Union)
223,tt0066999,Dirty Harry,1971,"Action, Crime, Thriller",7.7,35976000,Dirty Harry,1971,San Francisco Drydock (20th and Illinois Streets)
557,tt0131369,Edtv,1999,"Comedy, Drama",6.1,35242897,Edtv,1999,"Castro Theatre (429 Castro Street, The Castro)"
563,tt0131369,Edtv,1999,"Comedy, Drama",6.1,35242897,Edtv,1999,19 Green Street (North Beach)
564,tt0131369,Edtv,1999,"Comedy, Drama",6.1,35242897,Edtv,1999,Moose's Restaurant (1652 Stockton)
560,tt0131369,Edtv,1999,"Comedy, Drama",6.1,35242897,Edtv,1999,Palace of Fine Arts (3301 Lyon Street)
558,tt0131369,Edtv,1999,"Comedy, Drama",6.1,35242897,Edtv,1999,"Center for the Arts, Yerba Buena Gardens (701 Mission Street)"
559,tt0131369,Edtv,1999,"Comedy, Drama",6.1,35242897,Edtv,1999,North Beach Video (1398 Grant Avenue at Green)
556,tt0131369,Edtv,1999,"Comedy, Drama",6.1,35242897,Edtv,1999,20th & Connecticut Streets (Potrero Hill)
562,tt0131369,Edtv,1999,"Comedy, Drama",6.1,35242897,Edtv,1999,Mario's Bohemian Cigar Store (Washington Square)
561,tt0131369,Edtv,1999,"Comedy, Drama",6.1,35242897,Edtv,1999,1138 Filbert Street
717,tt2080374,Steve Jobs,2015,"Biography, Drama",7.2,34441873,Steve Jobs,2015,Jackson St. from Mason St. to Powell St.
718,tt2080374,Steve Jobs,2015,"Biography, Drama",7.2,34441873,Steve Jobs,2015,Intersection of Columbus and Kearny
720,tt2080374,Steve Jobs,2015,"Biography, Drama",7.2,34441873,Steve Jobs,2015,Castro St. between 21st an Hill St
719,tt2080374,Steve Jobs,2015,"Biography, Drama",7.2,34441873,Steve Jobs,2015,Intersection of Clay St. and Walter U Lum Plc
716,tt2080374,Steve Jobs,2015,"Biography, Drama",7.2,34441873,Steve Jobs,2015,Powell St. from California St. to Sutter St.
715,tt2080374,Steve Jobs,2015,"Biography, Drama",7.2,34441873,Steve Jobs,2015,California St. from Jones St. to Mason St.
714,tt2080374,Steve Jobs,2015,"Biography, Drama",7.2,34441873,Steve Jobs,2015,Sutter-Stockton Garage (444  Stockton)
713,tt2080374,Steve Jobs,2015,"Biography, Drama",7.2,34441873,Steve Jobs,2015,Davies Symphony Hall (201 Van Ness Ave.)
712,tt2080374,Steve Jobs,2015,"Biography, Drama",7.2,34441873,Steve Jobs,2015,War Memorial Opera House (401 Van Ness Avenue)
711,tt2080374,Steve Jobs,2015,"Biography, Drama",7.2,34441873,Steve Jobs,2015,Mission St and 5th St
721,tt2080374,Steve Jobs,2015,"Biography, Drama",7.2,34441873,Steve Jobs,2015,21st and Sanchez St
710,tt2080374,Steve Jobs,2015,"Biography, Drama",7.2,34441873,Steve Jobs,2015,21st and Collingswood St.
442,tt0101761,The Doors,1991,"Biography, Drama, Music",7.2,34416893,The Doors,1991,
511,tt0112722,Copycat,1995,"Drama, Mystery, Thriller",6.6,32051917,Copycat,1995,82 & 67 Rico Way (Marina District)
506,tt0112722,Copycat,1995,"Drama, Mystery, Thriller",6.6,32051917,Copycat,1995,Treasure Island
507,tt0112722,Copycat,1995,"Drama, Mystery, Thriller",6.6,32051917,Copycat,1995,Twin Peaks
508,tt0112722,Copycat,1995,"Drama, Mystery, Thriller",6.6,32051917,Copycat,1995,Sound Factory (1st and Harrison Streets)
509,tt0112722,Copycat,1995,"Drama, Mystery, Thriller",6.6,32051917,Copycat,1995,"Java House (Pier 40, Embarcadero)"
510,tt0112722,Copycat,1995,"Drama, Mystery, Thriller",6.6,32051917,Copycat,1995,Alta Plaza Park
598,tt0294870,Rent,2005,"Drama, Musical, Romance",6.9,31670620,Rent,2005,Treasure Island
288,tt0076141,High Anxiety,1977,"Comedy, Mystery, Thriller",6.7,31063038,High Anxiety,1977,"Fort Point (Presidio, Golden Gate National Recreation Area)"
289,tt0076141,High Anxiety,1977,"Comedy, Mystery, Thriller",6.7,31063038,High Anxiety,1977,Hyatt Regency Hotel (5 Embarcadero Center)
130,tt0055277,The Parent Trap,1961,"Comedy, Family, Romance",7.1,29650385,The Parent Trap,1998,Administration Building (Treasure Island)
659,tt1126590,Big Eyes,2014,"Biography, Crime, Drama",7.0,29253166,Big Eyes,2014,1101 Filbert St.
658,tt1126590,Big Eyes,2014,"Biography, Crime, Drama",7.0,29253166,Big Eyes,2014,Palace of Fine Arts
663,tt1126590,Big Eyes,2014,"Biography, Crime, Drama",7.0,29253166,Big Eyes,2014,Pine St. & Grant
662,tt1126590,Big Eyes,2014,"Biography, Crime, Drama",7.0,29253166,Big Eyes,2014,Filbert St. & Leavenworth
661,tt1126590,Big Eyes,2014,"Biography, Crime, Drama",7.0,29253166,Big Eyes,2014,Green St. & Grant Ave.
660,tt1126590,Big Eyes,2014,"Biography, Crime, Drama",7.0,29253166,Big Eyes,2014,Saints Peter & Paul Church
665,tt1126590,Big Eyes,2014,"Biography, Crime, Drama",7.0,29253166,Big Eyes,2014,Harry's Bar on Fillmore
664,tt1126590,Big Eyes,2014,"Biography, Crime, Drama",7.0,29253166,Big Eyes,2014,Way Faire Inn on Leidesdorff
657,tt1126590,Big Eyes,2014,"Biography, Crime, Drama",7.0,29253166,Big Eyes,2014,Caffe Trieste
656,tt1126590,Big Eyes,2014,"Biography, Crime, Drama",7.0,29253166,Big Eyes,2014,Nobles Alley
517,tt0116683,James and the Giant Peach,1996,"Animation, Adventure, Family",6.7,28946127,James and the Giant Peach,1996,
438,tt0101590,Class Action,1991,"Drama, Thriller",6.4,28277918,Class Action,1991,"Mission Dolores (3321 16th Street, Mission District)"
440,tt0101590,Class Action,1991,"Drama, Thriller",6.4,28277918,Class Action,1991,Bix Restaurant (56 Gold Street)
439,tt0101590,Class Action,1991,"Drama, Thriller",6.4,28277918,Class Action,1991,City Hall
709,tt1560747,The Master,2012,Drama,7.2,28258060,The Master,2012,Pier 7/ Embarcadero
552,tt0123209,The Other Sister,1999,"Comedy, Drama, Romance",6.5,27807627,The Other Sister,1999,Transbay Terminal (Mission Street at 1st Street)
551,tt0123209,The Other Sister,1999,"Comedy, Drama, Romance",6.5,27807627,The Other Sister,1999,Palace of Fine Arts (3301 Lyon Street)
394,tt0093260,Innerspace,1987,"Action, Adventure, Comedy",6.8,25893810,Innerspace,1987,Telegraph Hill
395,tt0093260,Innerspace,1987,"Action, Adventure, Comedy",6.8,25893810,Innerspace,1987,"Mark Hopkins Intercontinental Hotel (1 Nob Hill Circle, Nob Hill)"
396,tt0093260,Innerspace,1987,"Action, Adventure, Comedy",6.8,25893810,Innerspace,1987,Golden Gate Bridge
100,tt0077745,Invasion of the Body Snatchers,1978,"Horror, Sci-Fi",7.4,24946533,Invasion of the Body Snatchers,1978,Lafayette Park (Pacific Heights)
99,tt0077745,Invasion of the Body Snatchers,1978,"Horror, Sci-Fi",7.4,24946533,Invasion of the Body Snatchers,1978,32 Napier Lane
98,tt0077745,Invasion of the Body Snatchers,1978,"Horror, Sci-Fi",7.4,24946533,Invasion of the Body Snatchers,1978,720 Steiner Street (Hayes Valley)
101,tt0077745,Invasion of the Body Snatchers,1978,"Horror, Sci-Fi",7.4,24946533,Invasion of the Body Snatchers,1978,Broadway Tunnel (Russian Hill)
86,tt0077745,Invasion of the Body Snatchers,1978,"Horror, Sci-Fi",7.4,24946533,Invasion of the Body Snatchers,1978,"Ramada Plaza Hotel Downtown (1231 Market Street, Civic Center)"
87,tt0077745,Invasion of the Body Snatchers,1978,"Horror, Sci-Fi",7.4,24946533,Invasion of the Body Snatchers,1978,United Nations Plaza (Civic Center)
88,tt0077745,Invasion of the Body Snatchers,1978,"Horror, Sci-Fi",7.4,24946533,Invasion of the Body Snatchers,1978,San Francisco Drydock (20th and Illinois Streets)
89,tt0077745,Invasion of the Body Snatchers,1978,"Horror, Sci-Fi",7.4,24946533,Invasion of the Body Snatchers,1978,1227 Montgomery Street (Telegraph Hill)
90,tt0077745,Invasion of the Body Snatchers,1978,"Horror, Sci-Fi",7.4,24946533,Invasion of the Body Snatchers,1978,Hamlin Hotel (385 Eddy Street)
91,tt0077745,Invasion of the Body Snatchers,1978,"Horror, Sci-Fi",7.4,24946533,Invasion of the Body Snatchers,1978,Pier 33 (Embarcadero)
92,tt0077745,Invasion of the Body Snatchers,1978,"Horror, Sci-Fi",7.4,24946533,Invasion of the Body Snatchers,1978,City Hall
93,tt0077745,Invasion of the Body Snatchers,1978,"Horror, Sci-Fi",7.4,24946533,Invasion of the Body Snatchers,1978,Transamerica Building (600 Montgomery Street at Clay)
94,tt0077745,Invasion of the Body Snatchers,1978,"Horror, Sci-Fi",7.4,24946533,Invasion of the Body Snatchers,1978,Chinatown
95,tt0077745,Invasion of the Body Snatchers,1978,"Horror, Sci-Fi",7.4,24946533,Invasion of the Body Snatchers,1978,"Bimbo's 365 Club (1025 Columbus Avenue, North Beach)"
96,tt0077745,Invasion of the Body Snatchers,1978,"Horror, Sci-Fi",7.4,24946533,Invasion of the Body Snatchers,1978,"Department of Public Health (101 Grove Street at Polk, Civic Center)"
97,tt0077745,Invasion of the Body Snatchers,1978,"Horror, Sci-Fi",7.4,24946533,Invasion of the Body Snatchers,1978,"Postcard Row (Alamo Square, Hayes Valley)"
69,tt0046816,The Caine Mutiny,1954,"Drama, War",7.7,21750000,The Caine Mutiny,1954,The Embarcadero
68,tt0046816,The Caine Mutiny,1954,"Drama, War",7.7,21750000,The Caine Mutiny,1954,Golden Gate Bridge
355,tt0086197,The Right Stuff,1983,"Adventure, Biography, Drama",7.8,21192102,The Right Stuff,1983,Cow Palace
354,tt0086197,The Right Stuff,1983,"Adventure, Biography, Drama",7.8,21192102,The Right Stuff,1983,City Hall
357,tt0086197,The Right Stuff,1983,"Adventure, Biography, Drama",7.8,21192102,The Right Stuff,1983,Financial District
356,tt0086197,The Right Stuff,1983,"Adventure, Biography, Drama",7.8,21192102,The Right Stuff,1983,"American Can Company (Between Illinois & Kentucky, 20th and 22nd Streets)"
429,tt0096316,Tucker: The Man and His Dream,1988,"Biography, Drama",6.9,19652638,Tucker: The Man and His Dream,1988,City Hall
518,tt0117091,Mother,1996,"Comedy, Drama",6.9,19145198,Mother,1996,"Fairmont Hotel (950 Mason Street, Nob Hill)"
519,tt0117091,Mother,1996,"Comedy, Drama",6.9,19145198,Mother,1996,Golden Gate Bridge
430,tt0097027,Casualties of War,1989,"Crime, Drama, War",7.1,18671317,Casualties of War,1989,Mission Dolores Park (Mission District) via J-Church MUNI Train
601,tt0315983,House of Sand and Fog,2003,"Crime, Drama",7.5,16763804,House of Sand and Fog,2003,
669,tt1226837,Beautiful Boy,2018,"Biography, Drama",7.3,16636604,Beautiful Boy,2018,Tenderloin Neighborhood
670,tt1226837,Beautiful Boy,2018,"Biography, Drama",7.3,16636604,Beautiful Boy,2018,Haight at Masonic
671,tt1226837,Beautiful Boy,2018,"Biography, Drama",7.3,16636604,Beautiful Boy,2018,Wisconsin between 19th and 20th St
672,tt1226837,Beautiful Boy,2018,"Biography, Drama",7.3,16636604,Beautiful Boy,2018,"Olympic Flame Café, 555 Geary St"
673,tt1226837,Beautiful Boy,2018,"Biography, Drama",7.3,16636604,Beautiful Boy,2018,Divisadero between Broadway and Greenwich
674,tt1226837,Beautiful Boy,2018,"Biography, Drama",7.3,16636604,Beautiful Boy,2018,Ohloff Recovery Center (601 Steiner St)
675,tt1226837,Beautiful Boy,2018,"Biography, Drama",7.3,16636604,Beautiful Boy,2018,18th St at San Bruno Ave.
472,tt0107091,Heart and Souls,1993,"Comedy, Drama, Fantasy",7.0,16589540,Heart and Souls,1993,Stockton Tunnel (Stockton Street at Sutter Street)
473,tt0107091,Heart and Souls,1993,"Comedy, Drama, Fantasy",7.0,16589540,Heart and Souls,1993,2810 Pacific Avenue
474,tt0107091,Heart and Souls,1993,"Comedy, Drama, Fantasy",7.0,16589540,Heart and Souls,1993,War Memorial Opera House (401 Van Ness Avenue)
784,tt2649128,Metro,2013,"Action, Drama, Thriller",6.5,15099267,Metro,1997,Bush Street at Jones
334,tt0080556,The Competition,1980,"Drama, Romance, Music",6.6,14287755,The Competition,1980,Pier 39
529,tt0118966,Desperate Measures,1998,"Action, Crime, Drama",6.1,13806137,Desperate Measures,1998,
484,tt0108174,So I Married an Axe Murderer,1993,"Comedy, Romance",6.4,11585483,So I Married an Axe Murderer,1993,Swedenborgian Church (2107 Lyon Street)
489,tt0108174,So I Married an Axe Murderer,1993,"Comedy, Romance",6.4,11585483,So I Married an Axe Murderer,1993,Fog City Diner (1300 Battery Street)
494,tt0108174,So I Married an Axe Murderer,1993,"Comedy, Romance",6.4,11585483,So I Married an Axe Murderer,1993,"Aladdin Terrace (off of Taylor Street, Between Filbert and Union)"
486,tt0108174,So I Married an Axe Murderer,1993,"Comedy, Romance",6.4,11585483,So I Married an Axe Murderer,1993,San Francisco Chronicle (901 Mission Street at 15th Street)
487,tt0108174,So I Married an Axe Murderer,1993,"Comedy, Romance",6.4,11585483,So I Married an Axe Murderer,1993,Rocco's Corner (Columbus Street)
488,tt0108174,So I Married an Axe Murderer,1993,"Comedy, Romance",6.4,11585483,So I Married an Axe Murderer,1993,Prudente's Italian Deli (1462 Grant Ave at Union)
490,tt0108174,So I Married an Axe Murderer,1993,"Comedy, Romance",6.4,11585483,So I Married an Axe Murderer,1993,Edinburgh Castle (950 Geary Street)
491,tt0108174,So I Married an Axe Murderer,1993,"Comedy, Romance",6.4,11585483,So I Married an Axe Murderer,1993,City Light Bookstore (261 Columbus Avenue)
492,tt0108174,So I Married an Axe Murderer,1993,"Comedy, Romance",6.4,11585483,So I Married an Axe Murderer,1993,Café Picaro 3120 16th Street
493,tt0108174,So I Married an Axe Murderer,1993,"Comedy, Romance",6.4,11585483,So I Married an Axe Murderer,1993,Alcatraz Island
485,tt0108174,So I Married an Axe Murderer,1993,"Comedy, Romance",6.4,11585483,So I Married an Axe Murderer,1993,St. John's Presbyterian Church (25 Lake Street)
483,tt0108174,So I Married an Axe Murderer,1993,"Comedy, Romance",6.4,11585483,So I Married an Axe Murderer,1993,Vesuvio Café (255 Columbus Avenue)
496,tt0108174,So I Married an Axe Murderer,1993,"Comedy, Romance",6.4,11585483,So I Married an Axe Murderer,1993,"1462 Grant Avenue, at Union Street"
495,tt0108174,So I Married an Axe Murderer,1993,"Comedy, Romance",6.4,11585483,So I Married an Axe Murderer,1993,305 Hugo Street
444,tt0102900,Shattered,1991,"Crime, Drama, Mystery",6.5,11511031,Shattered,1991,
383,tt0090728,Big Trouble in Little China,1986,"Action, Adventure, Comedy",7.3,11100374,Big Trouble in Little China,1986,
335,tt0081485,Serial,1980,Comedy,6.6,9870727,Serial,1980,Ferry Building
603,tt0337692,On the Road,2012,"Adventure, Drama, Romance",6.1,9617377,On the Road,2012,Bay Bridge
605,tt0337692,On the Road,2012,"Adventure, Drama, Romance",6.1,9617377,On the Road,2012,2017 23rd Street
604,tt0337692,On the Road,2012,"Adventure, Drama, Romance",6.1,9617377,On the Road,2012,Sacramento & Montgomery Streets
606,tt0337692,On the Road,2012,"Adventure, Drama, Romance",6.1,9617377,On the Road,2012,Filbert & Leavenworth Streets
353,tt0084675,Shoot the Moon,1982,Drama,6.9,9217530,Shoot the Moon,1982,"Fairmont Hotel (950 Mason Street, Nob Hill)"
433,tt0098524,True Believer,1989,"Crime, Drama",6.7,8742750,True Believer,1989,
119,tt0052357,Vertigo,1958,"Mystery, Romance, Thriller",8.3,7796389,Vertigo,1958,Brocklebank Apartments (1000 Mason Street)
125,tt0052357,Vertigo,1958,"Mystery, Romance, Thriller",8.3,7796389,Vertigo,1958,San Francisco Drydock (20th and Illinois Streets)
124,tt0052357,Vertigo,1958,"Mystery, Romance, Thriller",8.3,7796389,Vertigo,1958,Palace of Fine Arts (3301 Lyon Street)
123,tt0052357,Vertigo,1958,"Mystery, Romance, Thriller",8.3,7796389,Vertigo,1958,"Fort Point (Presidio, Golden Gate National Recreation Area)"
122,tt0052357,Vertigo,1958,"Mystery, Romance, Thriller",8.3,7796389,Vertigo,1958,1007 Gough Street
121,tt0052357,Vertigo,1958,"Mystery, Romance, Thriller",8.3,7796389,Vertigo,1958,"Mission Dolores (3321 16th Street, Mission District)"
120,tt0052357,Vertigo,1958,"Mystery, Romance, Thriller",8.3,7796389,Vertigo,1958,Claude Lane at Bush Street
116,tt0052357,Vertigo,1958,"Mystery, Romance, Thriller",8.3,7796389,Vertigo,1958,Park Hill Sanatorium (351 Buena Vista Avenue East)
115,tt0052357,Vertigo,1958,"Mystery, Romance, Thriller",8.3,7796389,Vertigo,1958,York Hotel (940 Sutter Street)
118,tt0052357,Vertigo,1958,"Mystery, Romance, Thriller",8.3,7796389,Vertigo,1958,Gough & Eddy Streets (Western Addition)
111,tt0052357,Vertigo,1958,"Mystery, Romance, Thriller",8.3,7796389,Vertigo,1958,900 Lombard Street
112,tt0052357,Vertigo,1958,"Mystery, Romance, Thriller",8.3,7796389,Vertigo,1958,Mission San Juan Bautista (2nd & Mariposa Streets)
113,tt0052357,Vertigo,1958,"Mystery, Romance, Thriller",8.3,7796389,Vertigo,1958,Ernie's Restaurant (847 Montgomery Street)
114,tt0052357,Vertigo,1958,"Mystery, Romance, Thriller",8.3,7796389,Vertigo,1958,"Fairmont Hotel (950 Mason Street, Nob Hill)"
117,tt0052357,Vertigo,1958,"Mystery, Romance, Thriller",8.3,7796389,Vertigo,1958,"California Palace of the Legion of Honor (34th Avenue & Clement, Lincoln Park)"
467,tt0106881,Fearless,1993,"Drama, Thriller",7.1,6995302,Fearless,1993,Folsom Street & Embarcadero
468,tt0106881,Fearless,1993,"Drama, Thriller",7.1,6995302,Fearless,1993,Kohl Building (400 Montgomery Street)
466,tt0106881,Fearless,1993,"Drama, Thriller",7.1,6995302,Fearless,1993,Varennes Alley between Filbert and Union
465,tt0106881,Fearless,1993,"Drama, Thriller",7.1,6995302,Fearless,1993,Bank of America Building (555 California Street)
464,tt0106881,Fearless,1993,"Drama, Thriller",7.1,6995302,Fearless,1993,5th and Beale Streets
469,tt0106881,Fearless,1993,"Drama, Thriller",7.1,6995302,Fearless,1993,400 Montgomery Street
470,tt0106881,Fearless,1993,"Drama, Thriller",7.1,6995302,Fearless,1993,"San Francisco General Hospital Medical Center (1001 Potrero Avenue, Potrero Hill)"
471,tt0106881,Fearless,1993,"Drama, Thriller",7.1,6995302,Fearless,1993,90 Gold Street
512,tt0114084,Panther,1995,Drama,6.5,6834525,Panther,1995,
832,tt4353250,The Last Black Man in San Francisco,2019,Drama,7.4,4607017,The Last Black Man in San Francisco,2019,911 Innes Ave
805,tt4353250,The Last Black Man in San Francisco,2019,Drama,7.4,4607017,The Last Black Man in San Francisco,2019,Buena Vista East btwn Duboce and Haight
831,tt4353250,The Last Black Man in San Francisco,2019,Drama,7.4,4607017,The Last Black Man in San Francisco,2019,4704 3rd St
833,tt4353250,The Last Black Man in San Francisco,2019,Drama,7.4,4607017,The Last Black Man in San Francisco,2019,"Ford's Grocery Store, 1496 Oakdale Ave"
834,tt4353250,The Last Black Man in San Francisco,2019,Drama,7.4,4607017,The Last Black Man in San Francisco,2019,California Street Hill btwn Jones and Larkin
835,tt4353250,The Last Black Man in San Francisco,2019,Drama,7.4,4607017,The Last Black Man in San Francisco,2019,Castro and Market
803,tt4353250,The Last Black Man in San Francisco,2019,Drama,7.4,4607017,The Last Black Man in San Francisco,2019,Market/Portola btwn O'Shaughnessy and Castro
804,tt4353250,The Last Black Man in San Francisco,2019,Drama,7.4,4607017,The Last Black Man in San Francisco,2019,Forest Hill MUNI Station
810,tt4353250,The Last Black Man in San Francisco,2019,Drama,7.4,4607017,The Last Black Man in San Francisco,2019,California St and Gough btwn Geary and Jones
806,tt4353250,The Last Black Man in San Francisco,2019,Drama,7.4,4607017,The Last Black Man in San Francisco,2019,Haight and Belvedere
819,tt4353250,The Last Black Man in San Francisco,2019,Drama,7.4,4607017,The Last Black Man in San Francisco,2019,"Chateau Tivoli, 1057 Steiner St"
830,tt4353250,The Last Black Man in San Francisco,2019,Drama,7.4,4607017,The Last Black Man in San Francisco,2019,"Red Building, 2567 Mission St"
829,tt4353250,The Last Black Man in San Francisco,2019,Drama,7.4,4607017,The Last Black Man in San Francisco,2019,Donahue and Innes Ave
828,tt4353250,The Last Black Man in San Francisco,2019,Drama,7.4,4607017,The Last Black Man in San Francisco,2019,Shotwell St btwn 20th and 21st St
827,tt4353250,The Last Black Man in San Francisco,2019,Drama,7.4,4607017,The Last Black Man in San Francisco,2019,Oakdale btwn 3rd and Bayshore
826,tt4353250,The Last Black Man in San Francisco,2019,Drama,7.4,4607017,The Last Black Man in San Francisco,2019,802 Steiner St
825,tt4353250,The Last Black Man in San Francisco,2019,Drama,7.4,4607017,The Last Black Man in San Francisco,2019,959 South Van Ness Ave
824,tt4353250,The Last Black Man in San Francisco,2019,Drama,7.4,4607017,The Last Black Man in San Francisco,2019,Mission btwn 16th and Cesar Chavez
823,tt4353250,The Last Black Man in San Francisco,2019,Drama,7.4,4607017,The Last Black Man in San Francisco,2019,415 Lyon St/355 Lyon St
822,tt4353250,The Last Black Man in San Francisco,2019,Drama,7.4,4607017,The Last Black Man in San Francisco,2019,900 Innes Ave
821,tt4353250,The Last Black Man in San Francisco,2019,Drama,7.4,4607017,The Last Black Man in San Francisco,2019,Evans Ave/Hunters Pt Bvld btwn Keith and Hawes St
820,tt4353250,The Last Black Man in San Francisco,2019,Drama,7.4,4607017,The Last Black Man in San Francisco,2019,363 Lyon St
807,tt4353250,The Last Black Man in San Francisco,2019,Drama,7.4,4607017,The Last Black Man in San Francisco,2019,"Hotel Metropolis, 25 Mason St"
818,tt4353250,The Last Black Man in San Francisco,2019,Drama,7.4,4607017,The Last Black Man in San Francisco,2019,Illinois St btwn Marin and Amador
817,tt4353250,The Last Black Man in San Francisco,2019,Drama,7.4,4607017,The Last Black Man in San Francisco,2019,Innes turning into Evans Ave
816,tt4353250,The Last Black Man in San Francisco,2019,Drama,7.4,4607017,The Last Black Man in San Francisco,2019,"Portola Rose Garden, 598 Hamilton St at Woolsey St"
815,tt4353250,The Last Black Man in San Francisco,2019,Drama,7.4,4607017,The Last Black Man in San Francisco,2019,"Sunset Super, 2425 Irving St"
814,tt4353250,The Last Black Man in San Francisco,2019,Drama,7.4,4607017,The Last Black Man in San Francisco,2019,Nevada St btwn Cortland and Jarboe Ave
813,tt4353250,The Last Black Man in San Francisco,2019,Drama,7.4,4607017,The Last Black Man in San Francisco,2019,801 Innes Ave
812,tt4353250,The Last Black Man in San Francisco,2019,Drama,7.4,4607017,The Last Black Man in San Francisco,2019,Innes and Arelious Walker
811,tt4353250,The Last Black Man in San Francisco,2019,Drama,7.4,4607017,The Last Black Man in San Francisco,2019,3rd St btwn Evans and Oakdale
809,tt4353250,The Last Black Man in San Francisco,2019,Drama,7.4,4607017,The Last Black Man in San Francisco,2019,Eddy St btwn Leavenworth and Hyde St
808,tt4353250,The Last Black Man in San Francisco,2019,Drama,7.4,4607017,The Last Black Man in San Francisco,2019,Folsom btwn Cortland and Eugenia Ave
263,tt0071360,The Conversation,1974,"Drama, Mystery, Thriller",7.8,4432180,The Conversation,1974,Union Square
257,tt0071360,The Conversation,1974,"Drama, Mystery, Thriller",7.8,4432180,The Conversation,1974,"Cathedral Hill Hotel (1101 Van Ness Avenue, Civic Center)"
253,tt0071360,The Conversation,1974,"Drama, Mystery, Thriller",7.8,4432180,The Conversation,1974,"Saks Fifth Avenue (384 Post Street, Union Square)"
260,tt0071360,The Conversation,1974,"Drama, Mystery, Thriller",7.8,4432180,The Conversation,1974,"American Roofing Co. Building (297 Kansas Street, Potrero Hill)"
255,tt0071360,The Conversation,1974,"Drama, Mystery, Thriller",7.8,4432180,The Conversation,1974,One Embarcadero Center (Financial District)
256,tt0071360,The Conversation,1974,"Drama, Mystery, Thriller",7.8,4432180,The Conversation,1974,Financial District
258,tt0071360,The Conversation,1974,"Drama, Mystery, Thriller",7.8,4432180,The Conversation,1974,"Westin St. Francis Hotel (335 Powell Street, Union Square)"
254,tt0071360,The Conversation,1974,"Drama, Mystery, Thriller",7.8,4432180,The Conversation,1974,Alcoa Building (1 Maritime Plaza)
259,tt0071360,The Conversation,1974,"Drama, Mystery, Thriller",7.8,4432180,The Conversation,1974,"Neiman Marcus (150 Stockton Street, Union Square)"
262,tt0071360,The Conversation,1974,"Drama, Mystery, Thriller",7.8,4432180,The Conversation,1974,Alta Plaza Park (Steiner Street)
261,tt0071360,The Conversation,1974,"Drama, Mystery, Thriller",7.8,4432180,The Conversation,1974,Alamo Square (Hayes Valley)
609,tt0364961,The Assassination of Richard Nixon,2004,"Biography, Crime, Drama",6.9,4426087,The Assassination of Richard Nixon,2004,766 Sutter Street
608,tt0364961,The Assassination of Richard Nixon,2004,"Biography, Crime, Drama",6.9,4426087,The Assassination of Richard Nixon,2004,"Tosca Café (242 Columbus Avenue, North Beach)"
431,tt0097336,Fat Man and Little Boy,1989,"Biography, Drama, History",6.5,3563162,Fat Man and Little Boy,1989,"Postcard Row (Alamo Square, Hayes Valley)"
786,tt3172532,The Diary of a Teenage Girl,2015,"Comedy, Drama, Romance",6.9,1775133,The Diary of a Teenage Girl,2015,Yerba Buena Island
801,tt3172532,The Diary of a Teenage Girl,2015,"Comedy, Drama, Romance",6.9,1775133,The Diary of a Teenage Girl,2015,The Magazine at 920 Larkin
800,tt3172532,The Diary of a Teenage Girl,2015,"Comedy, Drama, Romance",6.9,1775133,The Diary of a Teenage Girl,2015,304 Lily St.
799,tt3172532,The Diary of a Teenage Girl,2015,"Comedy, Drama, Romance",6.9,1775133,The Diary of a Teenage Girl,2015,Higher Grounds Coffee House
797,tt3172532,The Diary of a Teenage Girl,2015,"Comedy, Drama, Romance",6.9,1775133,The Diary of a Teenage Girl,2015,Tonic
796,tt3172532,The Diary of a Teenage Girl,2015,"Comedy, Drama, Romance",6.9,1775133,The Diary of a Teenage Girl,2015,The Royal Oak
795,tt3172532,The Diary of a Teenage Girl,2015,"Comedy, Drama, Romance",6.9,1775133,The Diary of a Teenage Girl,2015,Presidio Branch Library
794,tt3172532,The Diary of a Teenage Girl,2015,"Comedy, Drama, Romance",6.9,1775133,The Diary of a Teenage Girl,2015,700 Kansas St.
792,tt3172532,The Diary of a Teenage Girl,2015,"Comedy, Drama, Romance",6.9,1775133,The Diary of a Teenage Girl,2015,SPECS' Twelve Adler Museum Café
791,tt3172532,The Diary of a Teenage Girl,2015,"Comedy, Drama, Romance",6.9,1775133,The Diary of a Teenage Girl,2015,Victoria Theatre
790,tt3172532,The Diary of a Teenage Girl,2015,"Comedy, Drama, Romance",6.9,1775133,The Diary of a Teenage Girl,2015,Polk and Northpoint St.
789,tt3172532,The Diary of a Teenage Girl,2015,"Comedy, Drama, Romance",6.9,1775133,The Diary of a Teenage Girl,2015,770 Haight St.
788,tt3172532,The Diary of a Teenage Girl,2015,"Comedy, Drama, Romance",6.9,1775133,The Diary of a Teenage Girl,2015,Hamburger Haven
787,tt3172532,The Diary of a Teenage Girl,2015,"Comedy, Drama, Romance",6.9,1775133,The Diary of a Teenage Girl,2015,Geary St. from Polk to Larkin
798,tt3172532,The Diary of a Teenage Girl,2015,"Comedy, Drama, Romance",6.9,1775133,The Diary of a Teenage Girl,2015,Tank Hill Park
793,tt3172532,The Diary of a Teenage Girl,2015,"Comedy, Drama, Romance",6.9,1775133,The Diary of a Teenage Girl,2015,Ocean Beach at Point Lobos
427,tt0095836,Patty Hearst,1988,"Biography, Drama",6.3,1223326,Patty Hearst,1988,Bank of America (38th Street at Balboa Street)
428,tt0095836,Patty Hearst,1988,"Biography, Drama",6.3,1223326,Patty Hearst,1988,"Postcard Row (Alamo Square, Hayes Valley)"
578,tt0212974,Groove,2000,"Drama, Music",6.6,1162001,Groove,2000,435 23rd Street at Illinois
530,tt0119019,Dream with the Fishes,1997,"Comedy, Drama",7.1,543708,Dream with the Fishes,1997,Bay Bridge
531,tt0119019,Dream with the Fishes,1997,"Comedy, Drama",7.1,543708,Dream with the Fishes,1997,Pier 39
180,tt0062765,Bullitt,1968,"Action, Crime, Thriller",7.4,511350,Bullitt,1968,Kennedy Hotel (226 Embarcadero at Howard Street)
179,tt0062765,Bullitt,1968,"Action, Crime, Thriller",7.4,511350,Bullitt,1968,"Candlestick Park Exit, Highway 101"
178,tt0062765,Bullitt,1968,"Action, Crime, Thriller",7.4,511350,Bullitt,1968,Taylor & Vallejo Streets (Russian Hill)
177,tt0062765,Bullitt,1968,"Action, Crime, Thriller",7.4,511350,Bullitt,1968,Intersection of York & Peralta (Bernal Heights)
176,tt0062765,Bullitt,1968,"Action, Crime, Thriller",7.4,511350,Bullitt,1968,20th & Vermont Streets (Potrero Hill)
175,tt0062765,Bullitt,1968,"Action, Crime, Thriller",7.4,511350,Bullitt,1968,Bay Bridge
173,tt0062765,Bullitt,1968,"Action, Crime, Thriller",7.4,511350,Bullitt,1968,Larkin & Chestnut Streets (Russian Hill)
174,tt0062765,Bullitt,1968,"Action, Crime, Thriller",7.4,511350,Bullitt,1968,"SF General Hospital Center (1001 Potrero Avenue, Potrero Hill)"
182,tt0062765,Bullitt,1968,"Action, Crime, Thriller",7.4,511350,Bullitt,1968,Mansell & University Streets (Visitacion  Valley)
172,tt0062765,Bullitt,1968,"Action, Crime, Thriller",7.4,511350,Bullitt,1968,Marina Green (Marina District)
171,tt0062765,Bullitt,1968,"Action, Crime, Thriller",7.4,511350,Bullitt,1968,Brocklebank Apartments (1000 Mason Street)
170,tt0062765,Bullitt,1968,"Action, Crime, Thriller",7.4,511350,Bullitt,1968,Columbus & Lombard Streets (North Beach)
169,tt0062765,Bullitt,1968,"Action, Crime, Thriller",7.4,511350,Bullitt,1968,John Muir Drive (Lake Merced)
168,tt0062765,Bullitt,1968,"Action, Crime, Thriller",7.4,511350,Bullitt,1968,1153-57 Taylor Street
167,tt0062765,Bullitt,1968,"Action, Crime, Thriller",7.4,511350,Bullitt,1968,Cesar Chavez & Mission Street (Mission)
181,tt0062765,Bullitt,1968,"Action, Crime, Thriller",7.4,511350,Bullitt,1968,Bayshore Blvd near Cesar Chavez (Bayview)
185,tt0062765,Bullitt,1968,"Action, Crime, Thriller",7.4,511350,Bullitt,1968,Mark Hopkins Hotel (999 California Street)
183,tt0062765,Bullitt,1968,"Action, Crime, Thriller",7.4,511350,Bullitt,1968,Larkin & Francisco Streets (Russian Hill)
184,tt0062765,Bullitt,1968,"Action, Crime, Thriller",7.4,511350,Bullitt,1968,Filbert & Taylor Streets (Russian Hill)
190,tt0062765,Bullitt,1968,"Action, Crime, Thriller",7.4,511350,Bullitt,1968,Coit Tower
188,tt0062765,Bullitt,1968,"Action, Crime, Thriller",7.4,511350,Bullitt,1968,McLaren Park (Visitacion  Valley)
189,tt0062765,Bullitt,1968,"Action, Crime, Thriller",7.4,511350,Bullitt,1968,2700 Vallejo Street (Pacific Heights)
187,tt0062765,Bullitt,1968,"Action, Crime, Thriller",7.4,511350,Bullitt,1968,Café Cantata (2040 Union Street)
186,tt0062765,Bullitt,1968,"Action, Crime, Thriller",7.4,511350,Bullitt,1968,Enrico's Café (504 Broadway)
568,tt0307538,Swing,2002,"Comedy, Drama, Music",7.3,475852,Swing,2003,Broadway Studios (435 Broadway at Montgomery Street)
569,tt0307538,Swing,2002,"Comedy, Drama, Music",7.3,475852,Swing,2003,Regency Building (1290 Sutter Street)
599,tt0298798,Cherish,2002,"Comedy, Drama, Thriller",6.7,179751,Cherish,2002,387 Fair Oaks at 25th Street
35,tt0042192,All About Eve,1950,Drama,8.2,150438,All About Eve,1950,Curran Theater (445 Geary Street)
676,tt1533013,Beautiful Boy,2010,Drama,6.6,140123,Beautiful Boy,2018,Tenderloin Neighborhood
680,tt1533013,Beautiful Boy,2010,Drama,6.6,140123,Beautiful Boy,2018,Divisadero between Broadway and Greenwich
681,tt1533013,Beautiful Boy,2010,Drama,6.6,140123,Beautiful Boy,2018,Ohloff Recovery Center (601 Steiner St)
682,tt1533013,Beautiful Boy,2010,Drama,6.6,140123,Beautiful Boy,2018,18th St at San Bruno Ave.
677,tt1533013,Beautiful Boy,2010,Drama,6.6,140123,Beautiful Boy,2018,Haight at Masonic
678,tt1533013,Beautiful Boy,2010,Drama,6.6,140123,Beautiful Boy,2018,Wisconsin between 19th and 20th St
679,tt1533013,Beautiful Boy,2010,Drama,6.6,140123,Beautiful Boy,2018,"Olympic Flame Café, 555 Geary St"
594,tt0273253,Haiku Tunnel,2001,Comedy,6.2,92723,Haiku Tunnel,2001,
802,tt3469918,Jack,2014,Drama,7.3,80552,Jack,1996,
880,tt5341036,Always Be My Maybe,2016,Romance,6.8,65934,Always Be My Maybe,2019,717 Grant Ave
893,tt5341036,Always Be My Maybe,2016,Romance,6.8,65934,Always Be My Maybe,2019,Haight St at Masonic
892,tt5341036,Always Be My Maybe,2016,Romance,6.8,65934,Always Be My Maybe,2019,Pier 45 - Musee Mechanique
891,tt5341036,Always Be My Maybe,2016,Romance,6.8,65934,Always Be My Maybe,2019,19th Ave Home
890,tt5341036,Always Be My Maybe,2016,Romance,6.8,65934,Always Be My Maybe,2019,Golden Gate Music Concourse
889,tt5341036,Always Be My Maybe,2016,Romance,6.8,65934,Always Be My Maybe,2019,Contemporary Jewish Museum
879,tt5341036,Always Be My Maybe,2016,Romance,6.8,65934,Always Be My Maybe,2019,Heart of the City Farmers Market at UN Plaza
887,tt5341036,Always Be My Maybe,2016,Romance,6.8,65934,Always Be My Maybe,2019,"Trax Bar, Haight St"
886,tt5341036,Always Be My Maybe,2016,Romance,6.8,65934,Always Be My Maybe,2019,22nd Ave Home
885,tt5341036,Always Be My Maybe,2016,Romance,6.8,65934,Always Be My Maybe,2019,Palace of Fine Arts (3301 Lyon Street)
884,tt5341036,Always Be My Maybe,2016,Romance,6.8,65934,Always Be My Maybe,2019,California Cable Car Line
883,tt5341036,Always Be My Maybe,2016,Romance,6.8,65934,Always Be My Maybe,2019,"Fort Point (Presidio, Golden Gate National Recreation Area)"
882,tt5341036,Always Be My Maybe,2016,Romance,6.8,65934,Always Be My Maybe,2019,Kearny btwn Columbus and Washington
881,tt5341036,Always Be My Maybe,2016,Romance,6.8,65934,Always Be My Maybe,2019,Fairmont Hotel - Penthouse Suite
888,tt5341036,Always Be My Maybe,2016,Romance,6.8,65934,Always Be My Maybe,2019,26th Ave and El Camino Del mar
894,tt5341036,Always Be My Maybe,2016,Romance,6.8,65934,Always Be My Maybe,2019,Pier 7
145,tt0056869,The Birds,1963,"Drama, Horror, Mystery",7.7,32655,The Birds,1963,Powell and Geary Streets (Union Square)
514,tt0116141,Dream for an Insomniac,1996,"Romance, Comedy, Drama",6.1,24727,Dream for an Insomniac,1996,Baker Beach
515,tt0116141,Dream for an Insomniac,1996,"Romance, Comedy, Drama",6.1,24727,Dream for an Insomniac,1996,Elbo Room (647 Valencia Street)
64,tt0045205,Sudden Fear,1952,"Film-Noir, Thriller",7.5,24476,Sudden Fear,1952,Brocklebank Apartments (1000 Mason Street)
65,tt0045205,Sudden Fear,1952,"Film-Noir, Thriller",7.5,24476,Sudden Fear,1952,The Tamalpais Building (1201 Greenwich Street at Hyde)
66,tt0045205,Sudden Fear,1952,"Film-Noir, Thriller",7.5,24476,Sudden Fear,1952,2800 Scott Street
67,tt0045205,Sudden Fear,1952,"Film-Noir, Thriller",7.5,24476,Sudden Fear,1952,Lombard Street
20,tt0039302,Dark Passage,1947,"Film-Noir, Thriller",7.5,9693,Dark Passage,1947,Golden Gate Bridge
21,tt0039302,Dark Passage,1947,"Film-Noir, Thriller",7.5,9693,Dark Passage,1947,"Filbert Steps, Filbert Street"
22,tt0039302,Dark Passage,1947,"Film-Noir, Thriller",7.5,9693,Dark Passage,1947,The Malloch Apartment Building (1360 Montgomery Street)
146,tt0058329,Marnie,1964,"Crime, Drama, Mystery",7.2,7095,Marnie,1964,"On Board the SS President Cleveland, docked at Pier 50"
74,tt0049366,Invasion of the Body Snatchers,1956,"Drama, Horror, Sci-Fi",7.7,1861,Invasion of the Body Snatchers,1978,Hamlin Hotel (385 Eddy Street)
70,tt0049366,Invasion of the Body Snatchers,1956,"Drama, Horror, Sci-Fi",7.7,1861,Invasion of the Body Snatchers,1978,"Ramada Plaza Hotel Downtown (1231 Market Street, Civic Center)"
71,tt0049366,Invasion of the Body Snatchers,1956,"Drama, Horror, Sci-Fi",7.7,1861,Invasion of the Body Snatchers,1978,United Nations Plaza (Civic Center)
72,tt0049366,Invasion of the Body Snatchers,1956,"Drama, Horror, Sci-Fi",7.7,1861,Invasion of the Body Snatchers,1978,San Francisco Drydock (20th and Illinois Streets)
73,tt0049366,Invasion of the Body Snatchers,1956,"Drama, Horror, Sci-Fi",7.7,1861,Invasion of the Body Snatchers,1978,1227 Montgomery Street (Telegraph Hill)
75,tt0049366,Invasion of the Body Snatchers,1956,"Drama, Horror, Sci-Fi",7.7,1861,Invasion of the Body Snatchers,1978,Pier 33 (Embarcadero)
77,tt0049366,Invasion of the Body Snatchers,1956,"Drama, Horror, Sci-Fi",7.7,1861,Invasion of the Body Snatchers,1978,Transamerica Building (600 Montgomery Street at Clay)
78,tt0049366,Invasion of the Body Snatchers,1956,"Drama, Horror, Sci-Fi",7.7,1861,Invasion of the Body Snatchers,1978,Chinatown
79,tt0049366,Invasion of the Body Snatchers,1956,"Drama, Horror, Sci-Fi",7.7,1861,Invasion of the Body Snatchers,1978,"Bimbo's 365 Club (1025 Columbus Avenue, North Beach)"
80,tt0049366,Invasion of the Body Snatchers,1956,"Drama, Horror, Sci-Fi",7.7,1861,Invasion of the Body Snatchers,1978,"Department of Public Health (101 Grove Street at Polk, Civic Center)"
81,tt0049366,Invasion of the Body Snatchers,1956,"Drama, Horror, Sci-Fi",7.7,1861,Invasion of the Body Snatchers,1978,"Postcard Row (Alamo Square, Hayes Valley)"
82,tt0049366,Invasion of the Body Snatchers,1956,"Drama, Horror, Sci-Fi",7.7,1861,Invasion of the Body Snatchers,1978,720 Steiner Street (Hayes Valley)
83,tt0049366,Invasion of the Body Snatchers,1956,"Drama, Horror, Sci-Fi",7.7,1861,Invasion of the Body Snatchers,1978,32 Napier Lane
84,tt0049366,Invasion of the Body Snatchers,1956,"Drama, Horror, Sci-Fi",7.7,1861,Invasion of the Body Snatchers,1978,Lafayette Park (Pacific Heights)
85,tt0049366,Invasion of the Body Snatchers,1956,"Drama, Horror, Sci-Fi",7.7,1861,Invasion of the Body Snatchers,1978,Broadway Tunnel (Russian Hill)
76,tt0049366,Invasion of the Body Snatchers,1956,"Drama, Horror, Sci-Fi",7.7,1861,Invasion of the Body Snatchers,1978,City Hall
9,tt0033870,The Maltese Falcon,1941,"Film-Noir, Mystery",8.0,1255,The Maltese Falcon,1941,"Burritt Alley (Off Bush Street, between Powell and Stockton Streets)"
8,tt0033870,The Maltese Falcon,1941,"Film-Noir, Mystery",8.0,1255,The Maltese Falcon,1941,Golden Gate Bridge
7,tt0033870,The Maltese Falcon,1941,"Film-Noir, Mystery",8.0,1255,The Maltese Falcon,1941,Ferry Building
